P01	107.-.Enjoy.Yourself.flac	72877541	41464394a5ae54d6c6b2a257e846ab093b26dff24d419653fb73dfdd554518da	1789339556
P01	108.-.Blame.It.on.the.Boogie.flac	83360603	47fb6d2f07bd2862b29d45cf65e7f9170fd86df1c20caa10a0d1110bcbdab416	1789339558
P01	109.-.Shake.Your.Body.(Down.to.the.Ground).(Single.Edit).flac	82307002	1deb3732007ec3633a0e25f8ef9d5750290329718d01bb43a9dd950ac34a9342	1789339561
P01	110.-.Don't.Stop.'Til.You.Get.Enough.flac	132038861	a76066aea9851f36201276ad73fa669966838f4644fbc86063c8901d5e89e3f1	1789339566
P01	111.-.Rock.with.You.(Single.Version).flac	80927424	7c29c48a8c89f22096f6c1b3a615cd40729757218a9275334a78b9c298062d17	1789339570
P01	112.-.Off.the.Wall.flac	89924356	568d604ab05d3acafb0223f1242998db7879b684ae74721b488843162289f1b4	1789339573
P01	113.-.She's.Out.of.My.Life.flac	66675331	2db8407619e294e6feee084aace87df70f80b8c9ca36641f9a97285620d24c63	1789339575
P01	114.-.Can.You.Feel.It.(7.Version).flac	74568466	a4b3d8958a8d59a85f389a639a47acab6705a02669019e63ff89305d441319cf	1789339578
P01	115.-.The.Girl.Is.Mine.(with.Paul.McCartney).flac	82191728	04271b9fc4d70a6ba4ca1ff19cb45eab705ed7b0d1ad2d343e8caf1e77a0b905	1789339582
P01	116.-.Billie.Jean.flac	110370445	ed56cb11f6d1d9587e1923591197172424900ec3ed483dab3cb17b1a8f1ee13c	1789339586
P01	117.-.Beat.It.flac	95892690	f59543b781bc760b687ab618427330f8ed327850e3f344866d46daea50536d7f	1789339589
P01	118.-.Wanna.Be.Startin'.Somethin'.(Single.Version).flac	99591946	bbfd610672ecca2daabb1001f78c965638dc776d47940142d9be8778f78dc8a7	1789339594
P01	119.-.Human.Nature.7.flac	83062323	9781fad81b20ef627f6110b1471a1fd544e24bb291e7ca2ec806ff6703b1ddcd	1789339597
P01	120.-.P.Y.T..(Pretty.Young.Thing).flac	88982628	f524f44ce06b25d6de797f2d2ebf558a0a9581d5cb029e9d1626bc1462561c89	1789339601
P01	121.-.Thriller.(Single.Version).flac	120916660	77d3aaa67f2b38a3849bd9be1b1298de9aa614e3c0fa70c2fd9d46acc2fd9dc6	1789339605
P01	201.-.Bad.flac	100137774	522439cfd04932033d7028869bea8cf42aad1d538d83eaf21139c91c22ac4545	1789339609
P01	202.-.I.Just.Can't.Stop.Loving.You.(feat..Siedah.Garrett).flac	79856804	0d6fb6e3ea374b076ce5dc40ef5e6b4c7814b45af8acdcd442d7f6eef0dbec17	1789339612
P01	203.-.Leave.Me.Alone.flac	97254080	78203709950016e7272cbe27f1bf8d591e519cecbc5519637a4ad6cd11f52893	1789339616
P01	204.-.The.Way.You.Make.Me.Feel.(Single.Version).flac	103641380	24e1e19ae247364af208ea5e088eefacc222856b08ffe126f10937b298292fcd	1789339621
P01	205.-.Man.in.the.Mirror.flac	108446406	8d4f3dc8c4d929550155741acece638e746081ec0813733b590481b365907116	1789339625
P01	206.-.Dirty.Diana.flac	95684385	0b74321c271a940c3c097c020173d5d2853e7967e868ea763db3cb31f51b619e	1789339628
P01	207.-.Another.Part.of.Me.(Single.Version).flac	78305847	5fccd0a398876278336094a9d5e3c338ca23da6a9baa68aa2cb39ffe2e5fe4a1	1789339631
P01	208.-.Smooth.Criminal.(Radio.Edit).flac	93560330	a4ab2d9de208ae8019da924e26def6802bedff2859d9d47d2d02e728727c2563	1789339635
P01	209.-.Black.or.White.(Single.Version).flac	92862811	3bcaad5eb8bd1f9a763565c33fecbd49859338d0eb9bb77c14581dd1bfcc5bb2	1789339638
P01	210.-.Heal.the.World.flac	126721629	8f4caecf794e30bcb8f1bc657a2551f01534c61067e3a12fb75069785c0710db	1789339643
P01	211.-.Remember.the.Time.flac	86400049	d8360128b4af360f69a2158d80c000662ad91b51a45a50092107d110996c9f9b	1789339646
P01	212.-.In.the.Closet.(Single.Version).flac	98768141	3de60f2319b49defa8be6fc30b4a9d4102c878b8ec286b0a8356cd09dc5e7fca	1789339651
P01	213.-.Who.Is.It.(7.Edit).flac	84308934	c2122a6dcae0eb4e419d0fd777b976f1c4dab9b28100cc464e47fe906db732db	1789339653
P01	214.-.Will.You.Be.There.(Single.Version).flac	83397117	5b407a15f1445205a842cd75612536842e301ef6904684853f4645efef386b5d	1789339657
P01	215.-.Dangerous.flac	152043601	2563b1304c1e65fe018e4fae9828368998e5ffe26d03167bf772502b787a661b	1789339663
P01	216.-.You.Are.Not.Alone.(Single.Version).flac	88840239	c7fd06fa08f66c36a541b080b579ef6da3e885b15220e47f2b60940f86bc14eb	1789339666
P01	217.-.You.Rock.My.World.flac	105939976	e1648fbb225484d194c9116285ec45d40d8a9c05f8f39ba1aed52bad8adb7693	1789339671
P02	01-benson_boone-sorry_im_here_for_someone_else.flac	33049199	94529a602f74b57d26709bf4c8931b655f0c33607e2ed993af62378bdc685d57	1789301865
P02	02-benson_boone-mr_electric_blue.flac	38775388	3f350999adf856980a303a59660350c79caf017c18dc9f8e8f87ebea4c78f8fb	1789301867
P02	03-benson_boone-man_in_me.flac	47304050	7d4ad3d52207c83214ecfdfce2c6294d13b72b99f59710ea0175ef1c1a7bc8c3	1789301868
P02	04-benson_boone-mystical_magical.flac	35511600	dd5f997e769d1962c790d31da9f62f114f729d7dce87713cb3cde1f5d02892e8	1789301869
P02	05-benson_boone-reminds_me_of_you.flac	35694530	076a720658d634dbfce0f12f623ccc1dac7aad12f4342657dafebdd59eadae0e	1789301871
P02	06-benson_boone-momma_song.flac	40520477	259674201fcb118c57a05b432e1b78203befdb35c2c54c264e230bf652ec0d7a	1789301872
P02	07-benson_boone-i_wanna_be_the_one_you_call.flac	35789616	65796823bb21332dd7cca9653c2b9a5be76970f2e575e53490549d886f3618cd	1789301873
P02	08-benson_boone-wanted_man.flac	36629840	f1adcf86d2699eaddc222eb635b8464a0bb9ee67c4857fb7fcff06dcf3d9bb21	1789301875
P02	09-benson_boone-take_me_home.flac	31140356	f17837113710427c142cb9523d9863b8143fa2b4b2a7142c8ab04da5a8509b5a	1789301876
P02	10-benson_boone-young_american_heart.flac	35313585	cfc2f6c0fd5a85a97e82a9cd963971928177caafccb412d9bb79ec02a0fc7521	1789301877
P03	01..Intro.flac	5546797	7cb650502d0ddd0feb8c685e6fd84f0885583eddb90e7bf610f93e00aacf2223	1789301878
P03	02..Be.Someone.flac	28131724	382277b7c15daec20b78cd5565dbc22dfc7d3875c2adfaa35c30bb35f0059b70	1789301879
P03	03..Slow.It.Down.flac	18894147	a85d4d235fde1fadf7fae39c7e36b7b80f4e2eee22ada5f105633edb9bfa0f48	1789301879
P03	04..Beautiful.Things.flac	20319864	55b6efbd1f5b152df50400162da7f1adc0b6c7788018ea72cc9a4d66ae9cd803	1789301880
P03	05..Cry.flac	20293710	f27ae2baffea7d4cc77bed62ca5e7eb6286a166268237e6d637f35186b273a08	1789301882
P03	06..Forever.and.a.Day.flac	24012945	506ad513e3618c02cafdf00a1755c287741bbaf3189e8ffd9bb9cc9be9d6ee34	1789301882
P03	07..In.The.Stars.flac	24369412	f320761d6dcd5a7a273de000715ad7f3ff424d5d68cbf7e9b4a6589a9d1af0eb	1789301884
P03	08..Drunk.In.My.Mind.flac	26099754	eb6c74c89a9a392fe4fedda840a2e3b39966e8d2805ce6d8e1a6d2e9cfba21e6	1789301884
P03	09..My.Greatest.Fear.flac	25314043	bb35c79b7389e037d9c3ea5a270e6b3a840b64d0ca7ef2568ee53640c6f1f8e6	1789301885
P03	10..There.She.Goes.flac	24445319	ead0317e6b70a6b7f3444e97eaaba2f0c367765134354e89c71bffedda7afe71	1789301886
P03	11..Hello.Love.flac	21722028	de01f6c549286fa40b4298a77c0b56a381e4d5eda0f1ed13bb5f7fa30aceb476	1789301887
P03	12..Ghost.Town.flac	19012214	93f0b1866a4544966acb643dcb1a40422cbd396bff6ce0350ec76d435348dc36	1789301887
P03	13..Love.Of.Mine.flac	19100706	6238df0d7769ec5eee01a2ad0c9cfcbe2fddabdeba964bda121177e3b39f187e	1789301889
P03	14..Friend.flac	20062372	ebb209b01e81ea8dd0c54ba2b159987418acc7a513bea0560c0310a4fa27396c	1789301889
P03	15..What.Do.You.Want.flac	29760944	6ab70145b126b0ff77612d6d8da84817142b606b679c52a676795ede9b4d066a	1789301889
P04	01_benson_boone_-_sorry_im_here_for_someone_else.mp3	6270551	f2dd7d0081cab49d926c4a3959fd537cd50ef03edce3f526292e929f36368af7	1750397580
P04	02_benson_boone_-_mr_electric_blue.mp3	7619439	ec4477e36a56533be5ac31d69f529f2713275bc42c1c733a29ef022687830682	1750397561
P04	03_benson_boone_-_man_in_me.mp3	9147080	7a94ba84d8072e0a7ce0932fc8d636013b06984d75e1ef157c4acbbf106a6e03	1750397561
P04	04_benson_boone_-_mystical_magical.mp3	6636190	baa25567e31ebe39493c54a40cb2d86f0dc43e52ab29f705e5bc462d1705a93e	1750397564
P04	05_benson_boone_-_reminds_me_of_you.mp3	7147145	914ab416f2a5f215596c59ec26c98fecadd981aa86a30a031cda3d06de8e6118	1750397581
P04	06_benson_boone_-_momma_song.mp3	7893202	1d4cb45700d08250a3d10e07ef9abd237fb18d572dac1f28677a4ae2755bfabc	1750397565
P04	07_benson_boone_-_i_wanna_be_the_one_you_call.mp3	7273578	3b4e8592dd68db18278982aa20b2e2bc4680b3d61c0995455f0fee2728a8c303	1750397565
P04	08_benson_boone_-_wanted_man.mp3	7028027	10deb35e3248ed0bcc84bd1a41d61fdd7c0dfe10bb651a2c98d14fc849cd2ef0	1750397565
P04	09_benson_boone_-_take_me_home.mp3	7257904	a8743405da303ce01b56c565225b00a9cb898cc2a8d414d5931f459b4794640b	1750397574
P04	10_benson_boone_-_young_american_heart.mp3	6907864	7a69d70e6afab2198e7843218b2a76ae426c757477b211defda790db485237ce	1750397575
P05	01. - Blessings.mp3	8845997	f1c1d8e02216aa6e44cb5ae7f50d50729b3c04c4bcb58b5052242c6813faf896	1757939745
P05	01. - Busy Woman.mp3	7468791	113739765e533a19314c882dfa9ee7f01798e9c431756a2264ea8c6a5ddbbaa8	1757939744
P05	02. - Gold.mp3	6638073	3d84ebbdfb6baf6481f70ead2ca58c837c01cb35e2515465a4f2d1a3628da2ed	1757939745
P05	02. - Manchild.mp3	8563840	f22bc9ed8514999472710121517e6242901352d1a8d30ea2c8f949fdfd3e53a4	1757939745
P05	03. - Azizam.mp3	6535675	60e294afdd9e11678bb494e45813162fa31afe6064de344ee5123f763286fa22	1757939745
P05	03. - Bloodline.mp3	7298483	e0fe21ef2958be33b0b0e928a629ef50a4f684008b91feca44f2ec7dfabc5819	1757939744
P05	04. - Plastic Box.mp3	8128098	89cf87fbb91aeff8780a3c23beb6e2bea40265a6a31aaaabbb41e0984c61bd63	1757939745
P05	04. - Sports Car.mp3	6701822	12eba3536fa22fee32fc0fd24fa0d3c867953c2a8a1fd7312a4055cd1776f4c9	1757939745
P05	05. - Abracadabra.mp3	8989104	b8404ce05305724122a60057dee27fc31dcce051b0dadedd2f007e978265d350	1757939744
P05	05. - Sorry I'm Here For Someone Else.mp3	6324660	6658b4f02007bc3342ea6f66d450232117986b41ca8c373028a188c5d8654880	1757939744
P05	06. - Back To Friends.mp3	8018393	28f048f48d1a1b3533b4e288500d10877107ff6c3e0bd6647b514778605276a4	1757939744
P05	06. - Mystical Magical.mp3	6676760	9d340edff1c63960c6046f403ac20d8d492c852e208b33331181e6e8a556cec8	1757939745
P05	07. - Cry For Me.mp3	9156289	1e4eeaf968aaf566d4d77744d699f9f6459cb74a22445abe8525a71b90d3e80e	1757939745
P05	07. - The Giver.mp3	8129157	02ca14f2d824bebbc0a1477d7c3361fc361cd3fdfe8cef98d91c265a39aec6e0	1757939744
P05	08. - Love Me Not.mp3	8619214	c1017530dc754bb68d4482de2104e10b5f2868d6a1332236566434adc12cd8ed	1757939744
P05	08. - Mutt.mp3	7798955	4f53cc01a3f9bdcc9b51eb85e12383ca1a2e000a1870b9deb5d5f458dcec02f2	1757939745
P05	09. - Headphones On.mp3	9616050	121862757fb1b97ea2e9699f8d985dd38ba1e8a44f6d5e4902b5de330957cf77	1757939745
P05	09. - Undressed.mp3	7319345	8f3b23207fdc57775ea685d89e3a59a439bf74f03d84892d2dbf8696bfa7df28	1757939745
P05	10. - Burning Down.mp3	7183529	88ae8c391538e3ad028f14908c95282549b67b976585b7524f438374517bb468	1757939745
P05	10. - Living My Best Life.mp3	7143831	d1b8d540f7c75c46d7924510db3b88041666e21c16687ee338dbb21a987bb9cc	1757939744
P05	11. - Cliché.mp3	7150064	8a8d8ac918f03886ee1a347e6d7b4c347bf541bbb397092f8a5d8c708498dbe3	1757939744
P05	11. - Twilight Zone.mp3	7936906	47ab9c4cd9ce884171562622b7346ce88fc32757d4276468a97f7f9897bb2849	1757939745
P05	12. - Fufn.mp3	8728903	3edb2a4e4fccc647cc60c1504f3c8025c6d7589ff06e1a4054149e7e5b418c71	1757939745
P05	12. - Heart By Heart.mp3	7668362	fad4f62e61bf5ee8069917df8c455a95746d38132bee31081c7e4a036e3d5f28	1757939745
P05	13. - Hairdresser.mp3	8461437	d15d678e98abf30648875024839cd663d9d8ad62b60a21b2a004b21d320eddd5	1757939744
P05	13. - Me & You.mp3	6746760	5a95ea430268c62a85045fb13834a689da8f986bff06b2a0bae37ed56d4e90ee	1757939744
P05	14. - I'm The Problem.mp3	7113531	27f880ff97bb93c65244e5ad885bcd4390281200ff7dc1d81a5107289da2c71b	1757939744
P05	14. - One Thing.mp3	8440533	bbd877b831f6435ff604b067f005c2814690bac02c1cd4e98c0cffeaade78dc0	1757939745
P05	15. - Little Bit Closer.mp3	9565904	dca347301a1a20b4ec08252cf43446d4e57ee7ffc8a7d4752e96f5fae0d7edbe	1757939744
P05	15. - Nice To Each Other (Radio Edit).mp3	8431175	c5ac9f4dd1a7f81f64d84233f328806d26ce436cd1e3b5b3ba19536b5233779b	1757939744
P05	16. - A Little Love.mp3	7610894	628e490ac85db4b09200f66da469c0f3048217afa1905f8dcca6887fe094cb0d	1757939744
P05	16. - Henry, Come On.mp3	12429968	3841854555741b9e054dae3c0829e344a0b9f774ace4d7e215bd79b07876fb7e	1757939744
P05	17. - Make It On Your Own.mp3	12746584	14786b5091099693873fc55c1fd02b831d31a1cbeb4036b943a978217604014d	1757939744
P05	17. - Party 4 U.mp3	12031847	2cb9f5cb52b5a07c212abac05c101ee5122281382cf496cca94a11df4fb38cdb	1757939745
P05	18. - Little Richard's Bible.mp3	7282844	8e6da0ee90b597b14dc1a26c3583e23e3428fad6eda39c0cb1cdf82f8fb0840c	1757939745
P05	18. - Relationships.mp3	8186619	4ef185f958eb31cbf664e8577eaf115fb6fe397b7f8d22ff7501065b3863d067	1757939745
P05	19. - Beautiful People.mp3	7607777	bb97efe527bbfeb4450bf498532758a5e402b0260a3674adc9a8f8ef2e12f2cf	1757939745
P05	19. - Rocket.mp3	6774994	72de123b9114bbf3089eaa00c985d76c120cc0f3b938f12aa2ccc5c9a8deb6da	1757939744
P05	20. - Can't Decide.mp3	7060261	e71db89fdaa45c129e2a287cb520eaee2485be63fadcf73a854a7c864cbcb6c1	1757939744
P05	20. - Taste.mp3	6968282	7f5f5988ef25cc4f8568738000a9e0018790aa468d64a8128bcd36ddfdd5dd2d	1757939745
P05	21. - Tell Me.mp3	7955741	d8d92efb602b29975067efbf138da6a867dd070a2aa9884d2e40adfc4bbf1f3e	1757939744
P05	21. - What The Hell Just Happened_.mp3	7137593	ee0487a0a4749fdc4644d4954d3394006db2a53d65604fbf71623c6cc4477f36	1757939744
P05	22. - The Glen (Levi Heron Edit).mp3	6995473	793bbdc0795744e9df8c9ce9fbcd25d606d2694501142b47af1a2fd0a8c964d9	1757939745
P05	22. - Wasted Love.mp3	6676733	e6757774eb08ba55a75cbafccdae528c39a80d8a1293a55f019c123e82324055	1757939744
P06	01-cyril_-_stumblin_in_(lunax_remix)_(extended_mix)-zzzz.mp3	9814077	84d70008d50ab5cc5e200e66d24510f50670e90e23b7b210919ec7836e1342b8	1788648776
P07	4200101 - Mastermix - Club Cuts.mp3	36235155	8ce55a797891f37f7e59321d24581ebe1ff405d0c8b64c8502d05feaeb0f2f87	1622659573
P07	4200102 - Mastermix - Mastermixed 5.mp3	37103490	3f59fa60d6f791f5d6e5d3323dbef679228bbbf4af312b75e679aa1e02ec357f	1622659574
P07	4200103 - Mastermix - Reggae Fusion.mp3	36136951	0f4daba2a968e73f4c21e61d825c9185decf8b3b018ef987cf0fdd9d0ff9abd0	1622659573
P07	4200104 - Mastermix - Into The 80s.mp3	46047802	e588b9ac7d46c203cb5e44aed27010a8c9416bba821ea21fc150517d8452eb36	1622659666
P07	4200105 - Mastermix - Triple Tracker Crazibiza.mp3	23945098	71aa82d3439a19e6132c069d77d721e28ca162b6502cc7b244790f582e7f7efb	1622659634
P07	4200201 - Mastermix - The Ibiza Sessions Jackin' House.mp3	44009268	fbb25058c0ebab8a7326af11bb10b244f9ca2e0e8eee8738a4fbaea576584f5e	1622659664
P07	4200202 - Mastermix - Party On Fire.mp3	39491083	1543daf6b1ee443cb22fb8c8b1d495e0859fcc9001591a7b9d8d4a96a9413433	1622659699
P07	4200203 - Mastermix - Classic Disco vs. Nu Disco.mp3	34852797	4fa690e8d038047e3a6ed4ec7813bf8cd24d10ca991efc91f28a0bbe05a62815	1622659730
P07	4200204 - Mastermix - Hit The Dancefloor Latin Pop.mp3	37420126	d8b5505239bc5edc4facef3cc1d0c49f94cf5d5a8d04d7b87c73a35a9200ed3f	1622659797
P07	4200205 - Mastermix - Summer Slam 00s Club Classics.mp3	36425369	184c3edfaf50ede19e289717ba155e8472f6a618cade777505b05cedd8ec8312	1622659801
P07	album.nfo	2102	3a8671bca8f7d82dcd286a84be83e5274aecabfa2fa1d8138f4e658f59c78654	1786954262
P08	01. Mastermix - Club Cuts.mp3	34851823	ca43568584312c313af4ec3a013ae94ab259eb0b592ecfb70a567b56ab73ddb0	1625075048
P08	01. Mastermix - The Ibiza Sessions (Balearic Beats).mp3	45046924	bc4a3059656a9e3ffdd6f0d2f607a8c2435ca73f848f286baf0ee93c96362f2b	1625075048
P08	02. Mastermix - Deep House Covers 2021.mp3	37714870	39bbde039169751ef7403e22a8ce73df0dedbe01ed867032e19ae69dbf8f1095	1625075048
P08	02. Mastermix - Pride (The Mix 2021).mp3	46776200	5a3da3f88c4ad37e3e386f3cbaae75c1f0500e744908912699843e40a69be094	1625075048
P08	03. Mastermix - Electro Swing Party.mp3	25200121	6991d27012d0abd08d16ade0a716d2a2fe6571e879f8513d27529b7f1d1cdf95	1625075048
P08	03. Mastermix - Where The Rap Party At.mp3	36037810	2f07150b436395109af41d3de95ccd9670f13298b51efe04b3f7a4ab1d2890bd	1625075048
P08	04. Mastermix - Jackin' House Floorfillers.mp3	36688788	b8a6a5c1c194d20dcb2e87d33d38f7551963c6f9d04c0be820ec8feb2bdcff8a	1625075048
P08	04. Mastermix - Lounge & Bar Grooves.mp3	40578931	3d2ec6817c4c871dda138b9b3110c2733f1d3d855290fc7e00fa50b1c0aa0109	1625075048
P08	05. Mastermix - Cool Summer Dance Triple Tracker.mp3	23790583	1f7f91600c1e9483d41be9cc8ac0c16d7af853a57fbf414763fb6a7f133ed02b	1625075048
P08	05. Mastermix - The Secret Garden.mp3	33165374	74ca10cabb5ef6b26d5ce139ed423dadbafb5ca2b93060ace31dbf2711fd2b26	1625075048
P08	album.nfo	1682	a9465147a08bb072cfdd71ccfe2981392c0d178cc94d09ea189d7b6eca958baf	1786954268
P09	'N Sync - I Want You Back (Long Version) 112.mp3	10619520	54371719ea1dc1b78bc52e4d75eac776ebf2db57f480e14e46c29f360e1f355f	1742724482
P09	2 Unlimited - Get Ready For This (Orchestral Mix) 124.mp3	13162824	ef4d82ab768710f49924bc9979d40a672148343d40af069d4a781847a5066fd8	1742724461
P09	Alison Limerick - Where Love Lives (Dancing Divaz Club Mix) 127.mp3	17747856	bbc56b10e305e8937c4e3e7010e2ecda69f674dabd7966e4861f9bbf65e5ccca	1742724490
P09	All Saints - Lady Marmalade (Mark!'S Miami Madness Mix) 128.mp3	19062182	ffe3dab04c25f4c8fc43e20cbc23806b35a09098066f4465e3f0d991ebc59f07	1742724494
P09	Army Of Lovers - Crucified (Nuzak Remix) 122.mp3	19381890	5f386770cbee611eadaab5a60bea9e4fe3a7d6a36a3484f4c8702604e01b3bc5	1742724541
P09	B-52's - Roam (12'' Remix) 133.mp3	20013129	7d7927dbc66db80aa3ec0996f8349a8e1900583bdfa1d3f779bd874b16a21c27	1742724546
P09	B-52's - Roam (Extended Remix) 135.mp3	13167782	1c406c01b28d7e6823ec22577ff605f0df12039a63410b0ef14f35802be0d7b4	1742724417
P09	Bananarama - Preacher Man (Shep's Club Mix) 123.mp3	17715432	dbd54e7197e18dc4184dbd03b76f78954fe1cff47dc561bf3faaaecc8dc780d6	1742724536
P09	Billie - Honey To The Bee (Delakota Mix) 140.mp3	11901618	6f1c709e6493a664b717602fdbcdaf0eed28d621106c4543aadf8d766a6708d6	1742724530
P09	Black Box - Everybody, Everybody (House Mix) 117.mp3	12292414	07fcf8222ad33bedae125b99cb39b889da656ddcbe122cef2e081b26b594b1e0	1742724551
P09	Black Grape Feat. Joe Strummer & Keith Allen - England's Irie (Pass The Durazac Mix) 118.mp3	15289261	a62d9dd22cf5d969c21542f393d5a1b9825afa6ce3dd346431142b6656d4e04a	1742724508
P09	Candy Flip - Strawberry Fields Forever (Raspberry Ripple Remix) 91.mp3	14160426	a0be656bbd2937699236019a305b68d87b06e351f36c7180cda1f5d31564916d	1742724350
P09	Cathy Dennis - Too Many Walls (L'autre Mix) 96.mp3	9767783	9a4119e4c108bbd66c017830064b3b3bcea6345082f9c4ac79304ac44bc19327	1742724388
P09	Christina Aguilera - Genie In A Bottle (Flavio Vs. Mad Boris Mix) 130.mp3	15696737	c0b0580762b050c301292361c98efc0ed2665eb1a6d1b8630f6b6abb25ed9629	1742724460
P09	Corona - Baby Baby (Dancing Divaz Club Mix) 132.mp3	14760461	a152845470155e26c7492335580450be6edd8f48ae2b59eac9e76b2f38a8a5bb	1742724504
P09	David Bowie - Fame '90 (House Mix) 114.mp3	14384208	f7c6d088e50f20fd7fb8c0130692ac08858d1af3fc6f5ade5c49f8c9114bfe21	1742724481
P09	David Bowie - Hallo Spaceboy (12'' Remix By Pet Shop Boys) 130.mp3	16155430	a39d6f54d621b1e2b9b7e3fd13cec5c1b0e2643540f8e303057b3b8fd9cca8fa	1742724544
P09	David Bowie - Jump They Say (Brothers In Rhythm 12'' Remix) 125.mp3	20239938	711dd3e7eb437a3fb9b6aa81762ed2649b097f59cefb2828795d71f1fbfe0810	1742724529
P09	Depeche Mode - Enjoy The Silence (Ecstatic Dub) 113.mp3	14233692	d5493ad4144b81c438951a75ffc6ec04e4d64728fd58cad7374adcfce44a9cc3	1742724487
P09	Diana Ross - I'm Still Waiting (Phil Chill 1990 Remix - The Full Monty) 89.mp3	11105461	0d596f9a36915a36411247bcf6a84114072ad204c272c2527be1b8cb75238dc3	1742724503
P09	Dr. Alban - Sing Hallelujah! (Long) 124.mp3	15691449	e70f09f7f06909b98415dea9a8a8f80556e47573a56ed7043d35ebbfa547196a	1742724522
P09	Dubstar - Not So Manic Now (Way Out West Remix) 131.mp3	15289187	edebe408ccb1d97011a38aa127fc588122ac86c8a35e7d717375b85729cdf9f6	1742724544
P09	Duran Duran - White Lines (Don't Do It) (70's Club Mix) 117.mp3	19001730	de332474e70d08407bc894c0fd4dbd499d9f9fe80519896b60fcd7da63326171	1742724474
P09	Electronic - Getting Away With It (Extended Version) 126.mp3	18115646	e1ff127f742af999ac2cc029e06d46d987fb345f8713602f9005c7c0a8ac20af	1742724537
P09	En Vogue - Hold On (Hip Hop Remix) 99.mp3	14008109	85d1c7427badb0181dc59e30e55855f3fba7b8b1146d936bac0f28c064f72057	1742724477
P09	Erasure - Breath Of Life (Divine Inspiration Mix) 132.mp3	16074954	1a28379fc5d2539a800b8b7115e8ed12a3cebc866dc27927de4d154764b0c49d	1742724532
P09	Eternal - Save Our Love (West End Mix) 119.mp3	10980979	9101f42e96691828bc0270066c5b6455d87da73f83acd3511ace62f373f434e0	1742724532
P09	Five - Everybody Get Up (Paul Masterson Vocal Mix) 133.mp3	16893112	9f0e9e598c991c06681a2a6ccb5edad8a86b4ba53a8e69bbc20668c01f0e45dd	1742724457
P09	Five - Five Megamix 98.mp3	13817684	a566074a4c60632d2ab358edba4b00443c9eda141f1d778b0c6a889ee30936f9	1742724515
P09	Garbage - Stupid Girl (Todd Terry Tee's Freeze Club) 121.mp3	14257883	da08369c461dc3a6cfcb33c1eb91f43bb966e3cb172b793282fa871125660650	1742724526
P09	Haddaway - Rock My Heart (Extended Mix) 130.mp3	14431310	770db9dd32e254e7d481d3c0aba7df890e0684388ed859911674ee58acae32ee	1742724534
P09	Happy Mondays - Kinky Afro (Full Length) 117.mp3	12365321	f9a17a19157f7d634a63f23a3d78569b6b13588e0b68faa416d0229d58a02c74	1742724542
P09	Ini Kamoze - Here Comes The Hotstepper (Allaam Mix) 100.mp3	10980036	55687202b3947fc59953c506a9de66f1af176c6c86b11b8ef2bc39ea15469219	1742724542
P09	Janet Jackson - The 1814 Megamix (Full Version) 114.mp3	17832473	8cf5b234addcde5a6b483249e8ba9d4eacd85f1a6cd93b01e5d99e3269b3def8	1742724484
P09	Jason Donovan - Hang On To Your Love (Extended Version) 118.mp3	16091685	80959efc51dc7b61ed71b6d771ee2bb0bf84af5d00842653bbf60c15bfec43a0	1742724512
P09	Jason Donovan - R.S.V.P. (Extended Mix) 118.mp3	17108339	780a47d9bfd7da6e6be95393514e029263a43f6eb1e0ecb4a4081a2aa78f1fc4	1742724512
P09	Jennifer Paige - Crush (David Morales Club Mix) 125.mp3	17388383	51eb1b4f69e41e7953bfe01800fd4d29fcc22645ad1532db610d660d251a90ca	1742724435
P09	Jimmy Somerville - To Love Somebody (Definitive Mix) 115.mp3	14936026	96763f005f1bcd68cee23ccc3e2f4da02e00001d8c291b7eb48f13b77b489d61	1742724554
P09	Kylie Minogue - What Do I Have To Do (Extended Mix) 122.mp3	19546109	8885f625441336329e8618adf748d14fa712b81406b0dd6bfa1c3908755fce74	1742724529
P09	Lenny Kravitz - It Ain't Over 'Til It's Over (Extended & Dub Version) 79.mp3	19487624	ac95825b3ea5dd009533d33f84e381d5056d795dc485d1745100c63920638ee7	1742724517
P09	Lutricia Mcneal - Ain't That Just The Way (Extended Version) 87.mp3	10811818	6ce090e1158563c622e1ad79aa563f5dde0ffda4eb067b5ab43b6683d710b63e	1742724484
P09	Lutricia Mcneal - Stranded (Extended Version) 91.mp3	12455413	c2b5b9e6f4426ff4cc3e1946df5c6c6037f5b2e3bc9c39e1d6b4735dd343a3ba	1742724410
P09	M People - Open Your Heart (M People Master Mix) 124.mp3	13791850	0fc1cae719082233f021deab6bfbb88cdd05e3cfbd3142c568ecd99f43706a9e	1742724403
P09	M People - Sight For Sore Eyes (Master Mix) 121.mp3	14951677	c52ffec3969b01141aa2a59eca607b097eddb51a6b2f79f1ad7a5a590aad3b68	1742724487
P09	M People - The Best Of M People Megamix 124.mp3	26162307	1746bb5d9a669d0bb251023cd869e08bb9c2751ce885226e3b2fd0a40561be99	1742724525
P09	Madonna - Erotica (William Orbit 12'') 102.mp3	14732239	d04c895a03749ce72650d0c8b9ee6cf05f48dc77e085a8389f8b682bc861b2e8	1742724464
P09	Madonna - Frozen (Extended Club Mix) 126.mp3	27196826	eeea67d983ad833655727414cbece757077d30e415a419af3907d5257a32982f	1742724486
P09	Madonna - Rescue Me (Titanic Mix) 118.mp3	19892980	b3adf13cfdde5742f1057d33e6c389882a1c05a973345480305fad0a64b8f05f	1742724486
P09	Mantronix Feat. Wondress - Got To Have Your Love (Club With Bonus Beats) 106.mp3	20160551	41567b2ce0a45374217f904627438f3cc0f276b9d05d5fcc4078fdbb3e6e1db5	1742724492
P09	Martika - Love Thy Will Be Done (Prince Mix) 91.mp3	14308015	c787dfacad0f7acbcd6656eea4f203beb7cb61948f010d0b8f6749051d18d51f	1742724480
P09	Maxi Priest - Close To You (Extended) 96.mp3	13229598	d9f09f58c3645cc27c5bb531858be2b1c154f4eb9ecc9f2e8886fd2d84f2abe7	1742724547
P09	Maxi Priest Feat. Shaggy - That Girl (Club Mix) 127.mp3	19440567	42a656b5df5b5c886a6c86458d4b649c06986c6fdc30cb504439c352cf5bd541	1742724550
P09	Mc Hammer - Pray (Slam The Hammer Mix) 120.mp3	19390394	468d0c8495a753a4aa6b1547de4416456a8244e9a29a1903ee839b7664a46cea	1742724470
P09	Michael Jackson - Earth Song (Hani's Extended Radio Experience) 129.mp3	10968562	581868c66f57371d6f12e74a6507d047b8c509b0d0310b54870b998b3e1f1523	1742724402
P09	Michael Jackson - History (Tony Moran's History Lesson) 123.mp3	19290117	3ddd65bebef958cc16fbd8c79f6023340b9761a3feab4830b8bea9d053b41ec8	1742724537
P09	Michael Jackson - Stranger In Moscow (Tee's In-House Club Mix) 124.mp3	16608923	f03717da97ecdf2038c049db0d1963d3b24fe9fc897e503715607edc5c96bf5c	1742724481
P09	Moby - Feeling So Real (Original) 81.mp3	10931932	8eeac8f4750bac011b69c19433347ac0d3b54114dbd392c7b97957e9b32ee8da	1742724482
P09	Mr. President - Coco Jamboo (Extended Version) 100.mp3	13797071	a7d7a6a9706fd872268824e285c9d74ae3bd83b47f6bc4a3d8f01551a53b7b80	1742724482
P09	N-Joi - Anthem (Mafia Mix) 124.mp3	11645434	b0032a7eb538513c2f21f74201a887aad32b2d44dc98ffed5a54d3ac70345421	1742724418
P09	New Kids On The Block - Hangin' Tough (Tougher Mix) 89.mp3	11198417	4382ee88cf62098ef5ed0ae8f2f67f846bbcd72601a05ca19ae49775198ab39e	1742724421
P09	Omar - There's Nothing Like This (12'') 143.mp3	15841774	57ee325f44dfca8de98ee581b74e6a1662873859063409da5227868ad1c0a287	1742724551
P09	Paula Abdul With The Wild Pair - Opposites Attract (12'' Mix) 116.mp3	13634097	65d4d9c0e2c6dd9140a51aa0fefef9d4b00d73b685b7d08694f6bf9ac3819c22	1742724540
P09	Pet Shop Boys - Jealousy (Extended Version) 101.mp3	19059916	53ed19df7bc96a5debc08330aa6838acc173ca0b5bec9c09bd784f80dd18d6f0	1742724501
P09	Pet Shop Boys - So Hard (Extended Dance Mix) 119.mp3	15981573	0d1dfb418ced42a8235b9acf4798d086244b1fa30c1f4d9c5e1cfd1cad6d5572	1742724465
P09	Peter Andre Feat. Bubbler Ranx - Mysterious Girl (Bag O' Tricks Mix) 86.mp3	12130428	a6303ce1123db999e94c065dac85c1bf8aedb2fe2e52b2c00af9fd8e9e35500e	1742724331
P09	Prince - Thieves In The Temple (Remix - Extended Lp Version) 129.mp3	19534482	af51fc314111636b9383912468e891bad01147da058648ecdca8aae443cfcb9c	1742724483
P09	Prodigy - Charly (Alley Cat Mix) 131.mp3	12712439	3aeea6aa48f4061ff3a862751766bf1150577bc0c002cef5a7319e5e32ca07b2	1742724526
P09	Prodigy - No Good (Start The Dance) (Original Mix) 145.mp3	15231724	1435496461526e9a426e3e9b1f6d161033223fab9051b6a4b3b1ced5039e85ab	1742724528
P09	Propellerheads Feat. Miss Shirley Bassey - History Repeating (Ankle Length Mix) 144.mp3	13959096	e04c271096d3cda6f8d960f501c16db22fa6261fbc57bb624ad34a9f4ac091b5	1742724460
P09	Robert Miles - Fable (Club Version) 136.mp3	15258861	696e99024a12aa670291d9121219b5895c1ccd7887d9ee6df45a1c5a2eab1362	1742724539
P09	Roxette - The Look '95 (Chaps Donna Bass Mix) 94.mp3	16590895	1b17a805b2031e14c66ac7eb83843b52495738c69d3038352895c0b5f265c584	1742724535
P09	S Club 7 - S Club Party (Dave's Git Down Party) 124.mp3	16349759	3cc013273c1c14c741c637cd0de74e4d1f6716df8681fc89955a962e3018df45	1742724473
P09	Saint Etienne Feat. Etienne Daho - He's On The Phone (Motiv 8 Mix) 132.mp3	15495070	d5a59060ef366b5d9d9653f01a7207580ef693c6680e77dbe2a68556948a49ee	1742724484
P09	Sash! Feat. La Trec - Stay (Original 12'') 133.mp3	14253531	dfed8dac529933058cb18105ebb0676982959fecc91e1a8e820af78388c70df7	1742724545
P09	Shaggy Feat. Rayvon - In The Summertime (Sting & Shaggy Remix) 88.mp3	11214112	196d79a1e547bad523d97a40670cf563f3ce4748e18cdb716d64c49df0b0874b	1742724385
P09	Shamen - Boss Drum (Beatmasters Boss Mix) 116.mp3	14508636	d1c969be5f0eaa6d45bef580fd8ea3ec5631abe56b3e39a5efac5de01b9e42cf	1742724480
P09	Simply Red - Something Got Me Started (E-Smoove's Late Night Mix) 120.mp3	19292231	223db3f4f54a75240c8a6d872abc8307d973c9f08bb22d1b004385849015085d	1742724491
P09	Simply Red - Thrill Me (Nellee Hooper Mix) 94.mp3	9892276	5a6921fd1fe2f05a560b5d56a352c62b1246d03ddb9d8e909a0d4904ede9d8ea	1742724491
P09	Sinead O'connor - The Emperor's New Clothes (Remix Hank Shocklee) 115.mp3	11147917	1fb43fc1757641ecc6ee937c168e9720353613707318aeb363bc99449c1f73ec	1742724451
P09	Sisters Of Mercy - Temple Of Love (1992) (Full Length) 110.mp3	19452003	532f7801e297ee18135bc0d3f4280729d7a789fc658bc96240361feafe040693	1742724397
P09	Skee-Lo - I Wish (Street Mix) 98.mp3	11467952	dd0bd2cc2d32758446117f0be056297b490b4df45b623e3a7ef23bba0b88a536	1742724514
P09	Snap! - Ooops Up (Vocal Version 12'' Mix) 102.mp3	15203498	6bc6b6d657c0fe6ac6a463e74c4db5c7ac9c4baca6e28c5b4c6d8592bab3ae3b	1742724499
P09	Soft Cell - Tainted Love '91 (12'') 143.mp3	14155449	7d33320533d9d503d4c0bc584f0adc44194c785ecfb244e160e35377c5ec285f	1742724538
P09	Soul Ii Soul - Get A Life (Club Mix) 101.mp3	10895369	bc250b52357fd12d63f69cfcba6740167ce973818edec8556b9a6d1210e7feb9	1742724549
P09	Soup Dragons - Mother Universe (12'' Version) 95.mp3	18010094	df2390a54ac49bc839f1a2f6443043e179e60f9ad2a19e530df31301050c74a4	1742724535
P09	Spice Girls - Say You'll Be There (Junior's Main Pass) 125.mp3	20562797	6d88b8a65da5d133b90d490a6f80764e05506be5392d8ff11b4f012e12dc08ed	1742724414
P09	Spice Girls - Stop (Morales Remix) 128.mp3	17827218	a4d17656f47d0f82289ae97865b924e58cf5cb268811312715a9cc8328f6a344	1742724453
P09	Steps - Better Best Forgotten (W.I.P. '99 Cream Of Manchester Mix) 131.mp3	15095923	936c78826a5eea7888114c3e3411f04c74f11e2fe4d0e4d2c97afe9042ab5764	1742724507
P09	Stone Roses - Fools Gold '95 (Tall Paul Remix) 124.mp3	17779196	bbcd29f62248b3cb93402c8a6f78b88f750753ea2866e2da0998b1007b1871da	1742724521
P09	Suggs Feat. Louchie Lou & Michie One - No More Alcohol (Rapino's Dance Mix) 102.mp3	13276766	23a6a8c6546a43d2947230df61e5bc370e18f3f673073ae8d2d6c3c487bb9b99	1742724461
P09	Take That - Sure (Full Pressure Mix) 91.mp3	13515970	149f68cd6b2dd6abd621711c2c6c0cdfb6a93f85f03b613474760e3bfdd9ba74	1742724524
P09	Texas - Summer Son (Giorgio Moroder Alternative 12'') 127.mp3	12644414	247746a349295eac08ddbb711d8b418a80fbef673b2be7b743ebc0895b2c02c8	1742724483
P09	Tlc - Unpretty (M. J. Cole Remix - Vox Up) 98.mp3	11485670	053150dd4b4cde523e9703caa918359f4a217e09963cbb9364982080f3394852	1742724514
P09	Umboza - Cry India (Ark Anthem Mix) 130.mp3	14667449	6844af1cb405d85519f2c3a82f73ebfca52fdfcb489a132af50d520d0831d0a7	1742724514
P09	Umboza - Sunshine (Original Mix) 128.mp3	15728014	3df8340f5211c7342182a87982a6390695223aabf4689515578fb496ba787200	1742724351
P09	Verve - Bitter Sweet Symphony (Extended Version) 85.mp3	18877366	70f0f241299fb069af573c00580fb0c22249085b72b59b4da24091a546eaad9a	1742724476
P09	Verve - Lucky Man (Happiness More Or Less) 76.mp3	11925268	57c83ba97b2d75edcdeb95445c827a223830ac10c6f8cca1417d17733ab21d12	1742724484
P09	Was (Not Was) - Shake Your Head (Steve ''Silk'' Hurley Dub Mix) 120.mp3	13316452	476a178c8572fc20d96f0fa21beecc504b03a3d69bf979b518ad50e809f996d6	1742724518
P09	Whigfield - Saturday Night (Beagle Mix) 130.mp3	11895263	7af838a8a57702e2612a9694e139fc984fca5b0658f6fd4b59782c5abf6088cb	1742724542
P09	William Orbit - Barber's Adagio For Strings (Atb Remix) 133.mp3	18414497	0a8381efa9b386c6a7354533748f0d5d1cd347bceeab72b86f5898743b60ae51	1742724510
P10	01. Noah Kahan - Stick Season.flac	21047966	6d71b3a2109e6044a5bb492ca489d65f2fb981789075e29751632ad5fb4b9a0f	1735853160
P10	01. Olly Alexander (Years & Years) - Dizzy.flac	20372420	8ab918a20a29ca1b2b5a709eb4218a0ed257232bc629b3e371dd07ebeefd8e70	1735853196
P10	02. Benson Boone - Beautiful Things.flac	20112735	b2b485d1a6adae8f164c18504e2cf664782b1cec595848c59ea98ce3a53b3c5e	1735853163
P10	02. Dua Lipa - Houdini.flac	22845397	c47ea5186dc2d464fcafaa954899052ca855120b954563242281f3a06cdc5045	1735853197
P10	03. Jack Harlow - Lovin On Me.flac	16648986	33a32f6ff96fc903b5125638863663e205b600bc2423852487c6d09766335c4b	1735853198
P10	03. Teddy Swims - Lose Control.flac	24452557	e9891818438ae52a0b47c0279ab8ef67331681503765582c435a68a9d9759eaa	1735853137
P10	04. Ariana Grande - Yes, And.flac	26372209	3d94eebc20e29e589e6417fcd6f7becd049c988f2ece59f385dd4bb2e294b0de	1735853197
P10	04. Paul Russell - Lil Boo Thang.flac	14728477	42e22a2ce70c040bd5c2c0c9241226c88f79c04062fa3bc9d2d5a5e3cdaf02f0	1735853197
P10	05. Jennifer Lopez - Can't Get Enough.flac	22569605	d5a3c4b8a15893742cefcb8e6c09aca234a2229b445be2056cd8c46817ca439a	1735853197
P10	05. Tate McRae - Greedy.flac	16961846	4d1000e916b0e3a9150ab7272729caef37c73f1a6071fb907d6f56efb6dc497a	1735853197
P10	06. Eliza Rose X Calvin Harris - Body Moving.flac	18307254	c655b638f60ef0f9cfe48a0d1b6c01f4a1c5fb8dfd125bbec41a0143154778e6	1735853146
P10	06. Olivia Rodrigo - Get Him Back!.flac	27014940	9064472dc36d69f7f735bf52163581beb511d17525fc1adc44a86bfdbdc46ca8	1735853197
P10	07. Miley Cyrus - Used To Be Young.flac	22521823	cc9387dac6ba1a83a241743b26c2999e97f917ceea91a664924bb52906f26f05	1735853197
P10	07. Raye - Worth It..flac	23742729	a772768ffd4c5201f9397cf46f5b46aa3769921ea203dd3fd29f7e2277a03405	1735853203
P10	08. Lewis Capaldi - Strangers.flac	22379787	2940cd1d13acf793fff3c450267342ce888ef5428873b6e47858209fbe30efad	1735853197
P10	08. The Last Dinner Party - Nothing Matters.flac	21406904	9a4cf38bac7d0248648fdd2d98c767a73b973179f33dd7582d0f8d26d0c3cf58	1735853201
P10	09. Lana Del Rey - Take Me Home, Country Roads.flac	15841804	069b52902364781d5c983d920e718ffbbcf7dd1b4b61f834ed7b1544216d7c09	1735853196
P10	09. Tyla - Water.flac	21552627	6bc039285ca7b9092740fdf89ec6e70315006837c39ae8daf017b86517249e2c	1735853150
P10	10. Doja Cat - Agora Hills.flac	29026833	fc2f740eda5e60d434f7026eaebfe19aa08981ecd84a1d135451e2e3e402e863	1735853208
P10	10. Troye Sivan - One Of Your Girls.flac	22624544	0fa30926f24ee5d5105f09317be24699b09e7743375e868b7869f354c51971e4	1735853206
P10	11. Ella Henderson Feat. Rudimental - Alibi.flac	24288791	8ccc497bcbc9a298ae2da5fa77048db6275483a0505afa4d5bda7e82f0773c43	1735853197
P10	11. Sia & Kylie Minogue - Dance Alone.flac	22765603	cb136d9be194b40ea72d6137b2a0bb74d1d62d62a32d2506e456d6c4add78873	1735853204
P10	12. Jason Derulo & Michael Bublé - Spicy Margarita.flac	19624463	8575cc147ba2b0f1e20a195d5d70b6266b9ca10e0191045c4e0460327d633856	1735853198
P10	12. Zara Larsson & David Guetta - On My Love.flac	25389686	cef25e0836c73e0426d5eb3473e604efa4576e9adeb83fe11199761e1dd91003	1735853196
P10	13. Becky Hill & Sonny Fodera - Never Be Alone.flac	24504360	da1f7776fea551d8a5f23bbcaac2de0c8fab6a3cc9a37a25dfb5e93a298d7d32	1735853196
P10	13. David Guetta & Kim Petras - When We Were Young (The Logical Song).flac	18295068	d5e910c9be09367c8df6bf52f8e341c04ddbc8d55f95f290f307d354e9ef7715	1735853198
P10	14. Jax Jones, D.O.D & Ina Wroldsen - Won't Forget You.flac	19462737	b8f00fde65942f00461e81bf1cb1c924c97acfba6aa476f7180084603e962c2c	1735853191
P10	14. Nathan Dawe & Bebe Rexha - Heart Still Beating.flac	19179000	1127eab5e9ab4c1b03932038eaf979845a01eb12dc3ed6a63773a58e9811784b	1735853198
P10	15. Jazzy - Shooting Star.flac	16362114	b4b795d7e8771bfb521b4e2f060ca457f9515d051ba06f1c9b52116f1044f942	1735853197
P10	15. Nathan Dawe - We Ain't Here For Long.flac	22361484	7f3932fe8e22f8e5871afe347b8b03af19d6b2473de43736b1f3abacf5257061	1735853164
P10	16. Jonas Brothers & Bailey Zimmerman - Strong Enough.flac	18546882	19a30ce41ef63f2ef853070f0ebf399bcc4a4a695890fa362a6d21be9456f308	1735853159
P10	16. Nicki Minaj - Pink Friday Girls.flac	20820033	d7c00139e76e6f48c9a86ad10d2e2bd23b4c90b33978663512aa80224060d57d	1735853195
P10	17. James Arthur - Bitter Sweet Love.flac	20921902	ddd588bd7a0e3a3cbc913e667c0a1490728df5b7c7e02f0b6c074d453abfd2fc	1735853197
P10	17. PinkPantheress Feat. Central Cee - Nice To Meet You.flac	17636568	8ecf1e670c1c0130322016e4978d905d7cfe59f97fbe97c5a15c3b98c06a054b	1735853207
P10	18. Liam Gallagher & John Squire - Just Another Rainbow.flac	42070027	74d73eeeb9373c6ce00a9dd166af41315e4af4dc42f71caebe14244848f08b86	1735853204
P10	18. Paloma Faith - Bad Woman.flac	19855415	bf5b4a3926994da069ce2f6117aad457c81a86dd68e58814c78ec35ebcd2268a	1735853197
P10	19. Disturbed - The Sound Of Silence (CYRIL Remix).flac	21427150	51e6a2523bc1513a462fdc961cc7237649003b5178c2e49cc4a2e17b64164da6	1735853197
P10	19. Ilsey - No California.flac	27190166	fff4b0dce6d1165ef13dc687d2de7a53de8f6c9dbc9bde85376b0706c9a0d212	1735853197
P10	20. Georgia Ku - A Little More Lost.flac	20801305	e8066d29afe6cb7b225311afff1ca77dec9db8697a04ff619c0cadce6e07f083	1735853197
P10	20. Nathan Evans - Heather On The Hill.flac	17864569	95c15c23af138fd3e9e44905f468b80cc7cbd4bcd657077e1a3e421f7fa43b6f	1735853198
P10	21. Sabrina Carpenter - Feather.flac	21712496	780e7f484ed50c4ba129839a57ea26df8a5233c5115aebd7c59e0d3d75adc043	1735853197
P10	21. Tom Walker - Head Underwater.flac	24295269	c8bd42deca062edc0bf81858491164c0bbb028a6cc8af7d7d32c0b105a7195f3	1735853197
P10	22. Calum Scot - Lighthouse.flac	23600885	0b7931b56e039ded8db05e3bad8ace498583ff1dcf5e061d4a76d8a2b4a79698	1735853197
P10	22. Kylie Minogue - Hold On To Now.flac	29753132	39f500c196bc558fb6084e2bc5745a72477219bb7b6cb66f329d172975e6d90e	1735853198
P10	23. P!Nk - All Out Of Fight.flac	22209786	b6577a64f2f7ab817f785049399976442ef0e1c4e019f965ca689bff33acd6a8	1735853198
P10	23. Pet Shop Boys - Loneliness.flac	24374962	57740136bb345c94b5cd0a1a0ab878d9bc9b17304fd6f1ec7cf61dbff2cd1247	1735853197
P10	24. James Blunt - All The Love That I Ever Needed.flac	23235277	b3b4725fb8c4dd8cff16fffd7ccfd13a28fde95952a2b3e96f37c3046bd0f33c	1735853197
P10	24. Sophie Ellis - Bextor - Murder On The Dancefloor.flac	31322952	6286afdf21f6c10e519062ec3fb467d066b5f6829a0a4c012292bf0f10e5b099	1735853196
P10	25. Take That - This Life.flac	29591331	ee2c8845c8ebb0db970266600562424d2a7cb9c779327b765dc7156dd7062bf5	1735853177
P10	26. Natasha Bedingfield - Unwritten.flac	33030339	77c1c1bf7f802684b120cbc65feed9118b855251afa4bf1483b1ff0915e71b11	1735853196
P10	NOW That's What I Call Music! 117.cue	4898	2f60df583365357db039a2093209494007cb14cc0d9a1f6cf861c782528f5786	1735853090
P10	Various - NOW That's What I Call Music! 117.log	27468	cabaa11843a7125ea3e11964ace8c4860222db945c9b371333d501b0f088c8ae	1735853090
P11	101 Club Beats.mp3	34101883	fbb6321698e45723d121050716ee56ea338064c710f7ff94f3e08f9584bc597c	1614164643
P11	102. Cool Cuts Nu Disco.mp3	34668218	f98a83496cc8cb5a014575d3eec4f6f9822a739f079667879d5fa45d20d1a6b8	1769119015
P11	103. Cool Cuts Nu Funky House.mp3	34552234	a03996223a6d27f424b70d14f9e5a2355cdb6aec2f3d3e0653a21ebe9347ec1b	1769119015
P11	104. Party With Me Tonight.mp3	33948302	84e573a1aa7c15180a335869306d1d1ecba398bd31ed47d2e8d1e6422d3a09a5	1769119015
P11	105. Classic Cuts Funky House.mp3	49031385	bf528b4db64151e4489536949a72e4eed7316dacdfd8b6cbe12780854125a8e6	1769119015
P11	201. Mix That Funky Music.mp3	37632593	c1cd9c9c8a7f5f2ba7af2ecebbb3390d1698f52d2934889b2faeef8c9396b876	1769119015
P11	202. Disco On The Dancefloor.mp3	35415320	eb35bde51f0f10f8c346aab46bf3361a5bdc0730ce17c33dac7068d6f8141991	1769119015
P11	203. The Pop Train 80s.mp3	33192822	f14efc5a09f12591b6c69ce85248c6da651fdcb3b283e2239d370945046fc01d	1769119015
P11	204. Smooth Grooves 1.mp3	36538585	d542721baa89bfed562dc66dc9dcf51b804e16dbb8547f626c7de4b1e7295775	1769119015
P11	205. Mastermixed 1.mp3	34426846	f32c091105c616d46c78596d9ff4a606e22fd817145cff81c5fd3ecee819e09a	1769119015
P11	Mastermix Issue 415.nzb	118956	6dffdbfa0ff54b84002074ac4eb160d830eb048a0067ad084f231df1a8ca32c2	1768934251
P12	00.Now That's What I Call Music 116 !.m3u	3972	c25e6a2a1e7499eed9b0ca4fa9306e6781b0c5a09152970643c701d7702a9fd4	1698856105
P12	01 - Calvin Harris - Desire.mp3	7372980	85c993b70b17af7a1559b000b1a77b1d21d5e107ec1065320182700af7a22ba1	1698856060
P12	01 - The Rolling Stones - Angry.mp3	9275747	05c858ed3816815b16d341749e22c83aa7efad2e06636c03186b877338f2e31b	1698856060
P12	02 - Olivia Rodrigo - bad idea right_.mp3	7597653	a181a4d189fc67788af0a1280c47a04b15b3a0b609f692f8076e5dccf4b2199d	1698856060
P12	02 - Olivia Rodrigo - vampire.mp3	8995710	64656a48f8c571c61e6d2b35ccd36be8f710e0f90da25529e7b2d8a86ac5f8ee	1698856060
P12	03 - Billie Eilish - What Was I Made For_ [From The Motion Picture _Barbie_].mp3	9101339	aff30f85ec528509e85d9c41a1eea1e245525345bd3dc0b529cc9430f8ab8fbd	1698856060
P12	03 - Doja Cat - Paint The Town Red.mp3	9476373	2db1e55c1b2d37543a16da7c96f653de6fdea33dbcd20f5dd39e91df1960548a	1698856060
P12	04 - Kenya Grace - Strangers.mp3	7125341	435a03dbe3806bfaec365473c787941b2069da4af85b5b6351cc107dc526cce4	1698856060
P12	04 - Tom Odell - Black Friday.mp3	9066763	1cfb7df60fe40df72450728e614f4f5f5130f758b716349b4aceed21faecd96e	1698856060
P12	05 - Lana Del Rey - Radio.mp3	8790902	402b6433cecd855721d0598e3fcc1273ce3b8d3cba025f964e822266046c034a	1698856060
P12	05 - Peggy Gou - (It Goes Like) Nanana (Edit).mp3	9468036	edb43b5996d2a40c291ff0020e12c73aed8d95a9175a6a32dee1df2fba49f4c9	1698856060
P12	06 - Kylie Minogue - Tension.mp3	8865096	bf4406b28d78418d0a34441cb4301663c5c1892427944b19cafac286e40a47b1	1698856061
P12	06 - Sia - Gimme Love.mp3	7323857	0ff59f7d6b503898c1e2ed53742fcd594e25a09e39deff7895e1a0e1eda21b3b	1698856061
P12	07 - Beyond Chicago - Million Dollar Bill.mp3	5327097	ac845be8ff0f40e13ebfa43fac93e5ff7e7d4bc4dbd4943c9d390a19e1a92a2d	1698856061
P12	07 - Sam Smith - VULGAR.mp3	6416890	0cc1fb08a385c5eb4d2e59309f372ff59382efa617b178105b9fad5eef5b4b11	1698856061
P12	08 - Becky Hill - Disconnect.mp3	6803512	e9eed6662920c3b3dfc015ba13e0f6b6d023bbaf66bdf3422c24fdbffe6633f8	1698856061
P12	08 - will.i.am - MIND YOUR BUSINESS.mp3	8034416	d5261ce2b7999314b85a3ecb058927613be4271cfd4fc9903d7885f76227c4e0	1698856061
P12	09 - Issey Cross - Bittersweet Goodbye.mp3	6877720	de33e06f4a40ce4f7b004280e8f017c67ed35cadda52b2aef3bea9f6fcba5ecf	1698856061
P12	09 - Timbaland - Keep Going Up.mp3	7175500	561a9bb1c4ddf93793280fdaa05bbd1a1a5e90510b2834eda94e38e0a831191b	1698856061
P12	10 - Jazzy - Feel It (Club Edit).mp3	5184973	30b6ad265bccf7ea29434b4556d64780ce805e910030ce77d5ef9e165620e245	1698856061
P12	10 - Sonny Fodera - Asking.mp3	7870349	dd88ffcfe0add3f910df47065802836110546e4027a9e0701770a0a1e4ec0e53	1698856061
P12	11 - Billy Gillies - DNA (Loving You) [feat. Hannah Boleyn].mp3	6803574	a3deeb920d413146865346fa4ba20e624da3304bbd80f1d5c6d975ee42d62573	1698856061
P12	11 - Gorgon City - Voodoo.mp3	8758510	64c004c20dcc1810178bfc9e1958facd93ae80ed00a0d9f2e19a05db9d48db50	1698856061
P12	12 - Hannah Laing - Good Love.mp3	6987416	4b291c012758e4c62b67b37a8972bab7300a8c9d70bd6cbfe52a0cf9cd253e5e	1698856061
P12	12 - Leigh-Anne - My Love (feat. Ayra Starr).mp3	7253895	5cca61d17375889344994ca11fdbe81ca57dca9ea53f5d1fc78a41d7f54231b5	1698856061
P12	13 - Joel Corry - Drinkin'.mp3	6188063	819fae2d69b1c305ecc882210bb346b692f210a8d74cb2ab24272b889d1a5838	1698856061
P12	13 - Selena Gomez - Single Soon.mp3	7073102	6d71ad07ab2110a5baba10cdb4767a63d6b4cc29e0d96a7385beeae4d61a9662	1698856062
P12	14 - Mae Stephens - Mr Right.mp3	6888149	55fdda32811080c3d8ba428732000195f1f35ec38652ce9c2c08b993f2faef89	1698856062
P12	14 - Stormzy - The Weekend.mp3	8448178	fde2ac57479c279efbe49f8a4abcaedf56fc1eefb01cc08b6b4ec7d83722ecae	1698856062
P12	15 - S Club - These Are The Days.mp3	7625855	686a5c725c87f61d83a0a6d99b2b13c4c9c9ac0313610c5db026ac5042f259eb	1698856062
P12	15 - SZA - Snooze.mp3	8278886	ab2eb25ad42e400f59d33a5ca9b21e685f3149ef7a027d651e59ff4e28085378	1698856062
P12	16 - PinkPantheress - Mosquito.mp3	6087761	d1e33133ffc91807e4272a1c49523e10d0cc72ec780db443b1e1bb046242091e	1698856062
P12	16 - Sugababes - When the Rain Comes.mp3	8172345	acef4f68269c78740d10288cc15c1065b45c0fcdc41568358a7c417a209248d8	1698856062
P12	17 - Duran Duran - BLACK MOONLIGHT.mp3	7676014	d8f22b2c2882334384a52f66c91560b6e2de623cf40dad0846220b291ae29f82	1698856062
P12	17 - Nicki Minaj - Last Time I Saw You.mp3	8860936	f9f58e1effea69cfe4e9cf8a8b3b18f554f38c158adf23c891ab0b2c5495e354	1698856062
P12	18 - Post Malone - Overdrive.mp3	6113880	a492d14c840b2039e83f335e664ed6b397ad08174b543bce0dbc6e338ea83018	1698856062
P12	18 - The Killers - Your Side of Town.mp3	7712589	fddd947701b5bdc28309cd480e77434a5754c687ee037ce7be1ed2b406f34b57	1698856062
P12	19 - Olivia Dean - The Hardest Part.mp3	7248653	e92c36d34dadec95b3a07d625e1d41f6fd84f12b227f8cdf74723ae9fd2a87a5	1698856062
P12	19 - Pretenders - A Love.mp3	8435635	19c9066c7aa7023004ddb9f1ca36702a593d5df1894edfdda575cdd6ce1e0536	1698856062
P12	20 - Dermot Kennedy - Don't Forget Me.mp3	7831710	d958e01c215febf0b569b0ca271a33676d502b7ae9bcbb75ea127eb53c054a83	1698856062
P12	20 - Stephen Sanchez - Until I Found You.mp3	7315536	3e6593f3c537ab430994a9e6dcb5b8cf391421edd8f12d92711d1d4e3ce27b25	1698856062
P12	21 - James Arthur - Blindside.mp3	8680151	0838b37cb0f0424810ad5e491e3ef834dbbe47c71b99d04f965a4d805e229cec	1698856062
P12	21 - Rick Astley - Never Gonna Stop.mp3	8111738	ed500a24ea81aa074d5ff2422c7157cad75b393cb1d4310904c1d80823a4b1ae	1698856062
P12	22 - Cian Ducrot - Heaven.mp3	9524420	fd74ee701baa8c7dec7a7860e1822de813488f588fa88e116227522fff9e37b1	1698856063
P12	22 - James Blunt - Beside You.mp3	7617490	e9d50442e78bb46b155940fda231f45e874398bbd6906267ba2784e8e1ce7df4	1698856063
P12	23 - Luke Combs - Fast Car.mp3	10826365	be7b66fdbcfbe4d45aec8ae799173df5e24e41b1d90c7fadfbe250eabc81cac4	1698856063
P12	23 - Take That - Windows.mp3	9722949	83ec500ffc4b99a472f76617b1b0e72a8d0510cf83f272d9b93d134b303668f4	1698856063
P12	24 - Agnetha Fältskog - Where Do We Go From Here_.mp3	7944583	ecdb1e570354102fcc4be668fcf2b98c895fec00d9990ef565f94fa9fe069ae6	1698856063
P12	Now That's What I Call Music 116 ! Front.webp	253738	8abcf0b242f1ca31a2c260507c8c48489989e48d33fd1edf431c15badcd71490	1698855312
P12	Now That's What I Call Music 116 Back.webp	243036	7c967fd7df63257658b1def6c4a541477e92ae708595af205c09c422337cfe2a	1698855298
