Now That's What I Call Music	1	30	unique
Now, That's What I Call Music II	2	30	unique
Now That's What I Call Music 3	3	26	unique
Now That's What I Call Music 4	4	43	unique
Now That's What I Call Music 5	5	29	unique
Now That's What I Call Music 6	6	29	unique
Now That's What I Call Music 7	7	30	unique
Now That's What I Call Music 8	8	42	unique
Now That's What I Call Music 9	9	44	unique
Now That's What I Call Music 10	10	30	unique
Now That's What I Call Music 11	11	30	unique
Now That's What I Call Music 12	12	32	unique
Now That's What I Call Music 13	13	32	unique
Now That's What I Call Music! 14	14	32	unique
Now That's What I Call Music 15	15	31	unique
Now That's What I Call Music 16	16	35	unique
Now That's What I Call Music 17	17	32	unique
Now That's What I Call Music! 18	18	31	unique
Now That's What I Call Music! 19	19	34	unique
Now That's What I Call Music! 20	20	35	unique
Now That's What I Call Music 21	21	36	unique
Now That's What I Call Music! 22	22	34	unique
Now That's What I Call Music 23	23	39	unique
Now That's What I Call Music 24	24	37	unique
Now That's What I Call Music! 25	25	35	unique
Now That's What I Call Music! 26	26	40	unique
Now That's What I Call Music 27	27	38	unique
Now That's What I Call Music! 28	28	40	unique
Now That's What I Call Music 29	29	38	unique
Now That's What I Call Music! 30	30	40	unique
Now That's What I Call Music! 31	31	39	unique
Now That's What I Call Music! 32	32	40	unique
Now That's What I Call Music! 33	33	40	unique
Now That's What I Call Music! 34	34	42	unique
Now That's What I Call Music! 35	35	40	unique
Now That's What I Call Music! 36	36	4	unique
Now That's What I Call Music! Vol.36  CD2	36	20	unique
Now That's What I Call Music! Vol.36 CD1	36	16	unique
Now That's What I Call Music! 37	37	41	unique
Now That's What I Call Music! 38	38	41	unique
Now That's What I Call Music! 39	39	40	unique
Now That's What I Call Music! 40	40	40	unique
Now That's What I Call Music! 41	41	42	unique
Now That's What I Call Music! 42	42	40	unique
Now That's What I Call Music! 43	43	41	unique
Now That's What I Call Music! 44	44	42	unique
Now That's What I Call Music! 45	45	45	unique
Now That's What I Call Music! 46	46	43	unique
Now That's What I Call Music! 47	47	42	unique
Now That's What I Call Music! 48	48	41	unique
Now That's What I Call Music! 49	49	41	unique
Now That's What I Call Music! 50	50	44	unique
Now That's What I Call Music! 51	51	43	unique
Now That's What I Call Music! 52	52	41	unique
Now That's What I Call Music! 53	53	43	unique
Now That's What I Call Music! 54	54	42	unique
Now That's What I Call Music! 55	55	42	unique
Now That's What I Call Music! 56	56	43	unique
Now That's What I Call Music! 57	57	44	unique
Now That's What I Call Music! 58	58	42	unique
Now That's What I Call Music! 59	59	43	unique
Now That's What I Call Music! 60	60	43	unique
Now That's What I Call Music! 61	61	43	unique
Now That's What I Call Music! 62	62	43	unique
Now That's What I Call Music! 63	63	42	unique
Now That's What I Call Music! 64	64	43	unique
Now That's What I Call Music! 65	65	45	unique
Now That's What I Call Music! 66	66	44	unique
Now That's What I Call Music! 67	67	43	unique
Now That's What I Call Music! 68	68	44	unique
Now That's What I Call Music! 69	69	42	unique
Now That's What I Call Music! 70	70	42	unique
Now That's What I Call Music! 71	71	45	unique
Now That's What I Call Music! 72	72	43	unique
Now That's What I Call Music! 73	73	44	unique
Now That's What I Call Music! 74	74	45	unique
Now That's What I Call Music! 75	75	43	unique
Now That's What I Call Music! 76	76	46	unique
Now That's What I Call Music! 77	77	44	unique
Now That's What I Call Music! 78	78	42	unique
Now That's What I Call Music! 79	79	44	unique
Now That's What I Call Music! 80	80	43	unique
Now That's What I Call Music! 81	81	42	unique
Now That's What I Call Music! 82	82	44	unique
Now That's What I Call Music! 83	83	42	unique
Now That's What I Call Music! 84	84	43	unique
Now That's What I Call Music! 85	85	44	unique
Now That's What I Call Music! 86	86	44	unique
Now That's What I Call Music! 87	87	46	unique
Now That's What I Call Music! 88	88	45	unique
Now That's What I Call Music! 89	89	45	unique
Now That's What I Call Music! 90	90	45	unique
Now That's What I Call Music! 91	91	44	unique
Now That's What I Call Music! 92	92	46	unique
Now That's What I Call Music! 93	93	44	unique
Now That's What I Call Music! 94	94	42	unique
Now That's What I Call Music! 95	95	45	unique
Now That's What I Call Music! 96	96	43	unique
Now That's What I Call Music! 97	97	45	unique
Now That's What I Call Music! 98	98	45	unique
Now That's What I Call Music! 99	99	45	unique
Now That's What I Call Music! 100	100	43	unique
Now That's What I Call Music! 101	101	46	unique
Now That's What I Call Music! 102	102	46	unique
Now That's What I Call Music! 103	103	48	unique
Now That's What I Call Music! 104	104	47	unique
Now That's What I Call Music! 105	105	46	unique
Now That's What I Call Music! 106	106	41	unique
Now That's What I Call Music! 107	107	43	unique
Now That's What I Call Music! 108	108	46	unique
Now That's What I Call Music! 109	109	48	unique
Now That's What I Call Music! 110	110	49	unique
Now That's What I Call Music! 111	111	50	unique
Now That's What I Call Music! 112	112	48	unique
Now That's What I Call Music! 113	113	48	unique
Now That's What I Call Music! 114	114	50	unique
Now That's What I Call Music! 115	115	50	unique
