/mnt/tank/downloads/complete/nzb/unsorted/VA-Now_That.s_What_I_Call_Music__1-115_2023/01. New Edition - Candy Girl.mp3	/mnt/tank/downloads/complete/nzb/unsorted/VA-Now_That.s_What_I_Call_Music__1-115_2023/Vol 001/01. New Edition - Candy Girl.mp3	68 16411
/mnt/tank/downloads/complete/nzb/unsorted/VA-Now_That.s_What_I_Call_Music__1-115_2023/01. Arcadia - Election Day.mp3	/mnt/tank/downloads/complete/nzb/unsorted/VA-Now_That.s_What_I_Call_Music__1-115_2023/Vol 006/01. Arcadia - Election Day.mp3	68 16313
/mnt/tank/downloads/complete/nzb/unsorted/VA-Now_That.s_What_I_Call_Music__1-115_2023/01. Kylie Minogue - I Should Be So Lucky.mp3	/mnt/tank/downloads/complete/nzb/unsorted/VA-Now_That.s_What_I_Call_Music__1-115_2023/Vol 011/01. Kylie Minogue - I Should Be So Lucky.mp3	68 13386
/mnt/tank/downloads/complete/nzb/unsorted/VA-Now_That.s_What_I_Call_Music__1-115_2023/01. Milli Vanilli - Girl I'm Gonna Miss You.mp3	/mnt/tank/downloads/complete/nzb/unsorted/VA-Now_That.s_What_I_Call_Music__1-115_2023/Vol 016/01. Milli Vanilli - Girl I'm Gonna Miss You.mp3	68 15659
/mnt/tank/downloads/complete/nzb/unsorted/VA-Now_That.s_What_I_Call_Music__1-115_2023/01. Queen - Bohemian Rhapsody.mp3	/mnt/tank/downloads/complete/nzb/unsorted/VA-Now_That.s_What_I_Call_Music__1-115_2023/Vol 021/01. Queen - Bohemian Rhapsody.mp3	68 17153
/mnt/tank/downloads/complete/nzb/unsorted/VA-Now_That.s_What_I_Call_Music__1-115_2023/01. Cappella - U Got 2 Let The Music.mp3	/mnt/tank/downloads/complete/nzb/unsorted/VA-Now_That.s_What_I_Call_Music__1-115_2023/Vol 026/01. Cappella - U Got 2 Let The Music.mp3	68 16490
/mnt/tank/downloads/complete/nzb/unsorted/VA-Now_That.s_What_I_Call_Music__1-115_2023/01. The Outhere Brothers - Boom Boom Boom (UK Radio Edit).mp3	/mnt/tank/downloads/complete/nzb/unsorted/VA-Now_That.s_What_I_Call_Music__1-115_2023/Vol 031/01. The Outhere Brothers - Boom Boom Boom (UK Radio Edit).mp3	68 89
/mnt/tank/downloads/complete/nzb/unsorted/VA-Now_That.s_What_I_Call_Music__1-115_2023/01. Spice Girls - Mama.mp3	/mnt/tank/downloads/complete/nzb/unsorted/VA-Now_That.s_What_I_Call_Music__1-115_2023/Vol 036/01. Spice Girls - Mama.mp3	68 16731
/mnt/tank/downloads/complete/nzb/unsorted/VA-Now_That.s_What_I_Call_Music__1-115_2023/01. Billie - Girlfriend.mp3	/mnt/tank/downloads/complete/nzb/unsorted/VA-Now_That.s_What_I_Call_Music__1-115_2023/Vol 041/01. Billie - Girlfriend.mp3	68 17163
/mnt/tank/downloads/complete/nzb/unsorted/VA-Now_That.s_What_I_Call_Music__1-115_2023/1 Black Legend  You See The Trouble With Me.mp3	/mnt/tank/downloads/complete/nzb/unsorted/VA-Now_That.s_What_I_Call_Music__1-115_2023/Vol 046/1 Black Legend  You See The Trouble With Me.mp3	68 18203
/mnt/tank/downloads/complete/nzb/unsorted/VA-Now_That.s_What_I_Call_Music__1-115_2023/01. Enrique Iglesias - Hero.mp3	/mnt/tank/downloads/complete/nzb/unsorted/VA-Now_That.s_What_I_Call_Music__1-115_2023/Vol 051/01. Enrique Iglesias - Hero.mp3	68 18232
/mnt/tank/downloads/complete/nzb/unsorted/VA-Now_That.s_What_I_Call_Music__1-115_2023/01. Black Eyed Peas - Where Is The Love!.mp3	/mnt/tank/downloads/complete/nzb/unsorted/VA-Now_That.s_What_I_Call_Music__1-115_2023/Vol 056/01. Black Eyed Peas - Where Is The Love!.mp3	68 18714
/mnt/tank/downloads/complete/nzb/unsorted/VA-Now_That.s_What_I_Call_Music__1-115_2023/01. Akon - Lonely.mp3	/mnt/tank/downloads/complete/nzb/unsorted/VA-Now_That.s_What_I_Call_Music__1-115_2023/Vol 061/01. Akon - Lonely.mp3	68 16585
/mnt/tank/downloads/complete/nzb/unsorted/VA-Now_That.s_What_I_Call_Music__1-115_2023/01. MIKA - Grace Kelly.mp3	/mnt/tank/downloads/complete/nzb/unsorted/VA-Now_That.s_What_I_Call_Music__1-115_2023/Vol 066/01. MIKA - Grace Kelly.mp3	68 18973
/mnt/tank/downloads/complete/nzb/unsorted/VA-Now_That.s_What_I_Call_Music__1-115_2023/01. Coldplay - Viva La Vida.mp3	/mnt/tank/downloads/complete/nzb/unsorted/VA-Now_That.s_What_I_Call_Music__1-115_2023/Vol 071/01. Coldplay - Viva La Vida.mp3	68 17464
/mnt/tank/downloads/complete/nzb/unsorted/VA-Now_That.s_What_I_Call_Music__1-115_2023/01. Katy Perry feat. Snoop Dogg - California Gurls.mp3	/mnt/tank/downloads/complete/nzb/unsorted/VA-Now_That.s_What_I_Call_Music__1-115_2023/Vol 076/01. Katy Perry feat. Snoop Dogg - California Gurls.mp3	68 18757
/mnt/tank/downloads/complete/nzb/unsorted/VA-Now_That.s_What_I_Call_Music__1-115_2023/01. Gotye Feat. Kimbra - Somebody I Used To Know.mp3	/mnt/tank/downloads/complete/nzb/unsorted/VA-Now_That.s_What_I_Call_Music__1-115_2023/Vol 081/01. Gotye Feat. Kimbra - Somebody I Used To Know.mp3	68 6136
/mnt/tank/downloads/complete/nzb/unsorted/VA-Now_That.s_What_I_Call_Music__1-115_2023/01. Fatboy Slim Feat. Riva Starr , Beardyman - Eat Sleep Rave Repeat (Calvin Harris Remix).mp3	/mnt/tank/downloads/complete/nzb/unsorted/VA-Now_That.s_What_I_Call_Music__1-115_2023/Vol 086/01. Fatboy Slim Feat. Riva Starr , Beardyman - Eat Sleep Rave Repeat (Calvin Harris Remix).mp3	68 19197
/mnt/tank/downloads/complete/nzb/unsorted/VA-Now_That.s_What_I_Call_Music__1-115_2023/01. Ellie Goulding - Love Me Like You Do (From 'Fifty Shades Of Grey').mp3	/mnt/tank/downloads/complete/nzb/unsorted/VA-Now_That.s_What_I_Call_Music__1-115_2023/Vol 091/01. Ellie Goulding - Love Me Like You Do (From 'Fifty Shades Of Grey').mp3	68 18837
/mnt/tank/downloads/complete/nzb/unsorted/VA-Now_That.s_What_I_Call_Music__1-115_2023/01. Ed Sheeran - Castle On The Hill.mp3	/mnt/tank/downloads/complete/nzb/unsorted/VA-Now_That.s_What_I_Call_Music__1-115_2023/Vol 096/01. Ed Sheeran - Castle On The Hill.mp3	68 20497
/mnt/tank/downloads/complete/nzb/unsorted/VA-Now_That.s_What_I_Call_Music__1-115_2023/01. DJ Khaled Feat. Justin Bieber , Chance The Rapper & Quavo - No Brainer.mp3	/mnt/tank/downloads/complete/nzb/unsorted/VA-Now_That.s_What_I_Call_Music__1-115_2023/Vol 101/01. DJ Khaled Feat. Justin Bieber , Chance The Rapper & Quavo - No Brainer.mp3	68 19386
/mnt/tank/downloads/complete/nzb/unsorted/VA-Now_That.s_What_I_Call_Music__1-115_2023/01. AJ Tracey Feat. MoStack - Dinner Guest.mp3	/mnt/tank/downloads/complete/nzb/unsorted/VA-Now_That.s_What_I_Call_Music__1-115_2023/Vol 106/01. AJ Tracey Feat. MoStack - Dinner Guest.mp3	68 20655
/mnt/tank/downloads/complete/nzb/unsorted/VA-Now_That.s_What_I_Call_Music__1-115_2023/01. La Gaita, Mauro Castillo, Adassa, Rhenzy Feliz, Diane Guerrero, Stephanie Beatriz & Encanto - Cast - We Don’t Talk About Bruno.mp3	/mnt/tank/downloads/complete/nzb/unsorted/VA-Now_That.s_What_I_Call_Music__1-115_2023/Vol 111/01. La Gaita, Mauro Castillo, Adassa, Rhenzy Feliz, Diane Guerrero, Stephanie Beatriz & Encanto - Cast - We Don’t Talk About Bruno.mp3	68 19644
/mnt/tank/downloads/complete/nzb/unsorted/VA-Now_That.s_What_I_Call_Music__1-115_2023/01. Duran Duran - The Reflex.mp3	/mnt/tank/downloads/complete/nzb/unsorted/VA-Now_That.s_What_I_Call_Music__1-115_2023/Vol 004/01. Duran Duran - The Reflex.mp3	68 16519
/mnt/tank/downloads/complete/nzb/unsorted/VA-Now_That.s_What_I_Call_Music__1-115_2023/07. Robbie Williams - Angels.mp3	/mnt/tank/downloads/complete/nzb/unsorted/VA-Now_That.s_What_I_Call_Music__1-115_2023/Vol 100/07. Robbie Williams - Angels.mp3	68 17380
/mnt/tank/downloads/complete/nzb/unsorted/VA-Now_That.s_What_I_Call_Music__1-115_2023/07. Tina Turner - What's Love Got To Do With It.mp3	/mnt/tank/downloads/complete/nzb/unsorted/VA-Now_That.s_What_I_Call_Music__1-115_2023/Vol 004/07. Tina Turner - What's Love Got To Do With It.mp3	68 16166
/mnt/tank/downloads/complete/nzb/unsorted/VA-Now_That.s_What_I_Call_Music__1-115_2023/12. Kirsty MacColl - Days.mp3	/mnt/tank/downloads/complete/nzb/unsorted/VA-Now_That.s_What_I_Call_Music__1-115_2023/Vol 031/12. Kirsty MacColl - Days.mp3	68 15260
/mnt/tank/downloads/complete/nzb/unsorted/VA-Now_That.s_What_I_Call_Music__1-115_2023/NOW That’s What I Call Music! 115.cue	/mnt/tank/downloads/complete/nzb/unsorted/VA-Now_That.s_What_I_Call_Music__1-115_2023/Vol 115/NOW That’s What I Call Music! 115.cue	68 19960
/mnt/tank/downloads/complete/nzb/unsorted/VA-Now_That.s_What_I_Call_Music__1-115_2023/back.bmp	/mnt/tank/downloads/complete/nzb/unsorted/VA-Now_That.s_What_I_Call_Music__1-115_2023/Vol 077/back.bmp	68 18768
/mnt/tank/downloads/complete/nzb/unsorted/VA-Now_That.s_What_I_Call_Music__1-115_2023/cd1.bmp	/mnt/tank/downloads/complete/nzb/unsorted/VA-Now_That.s_What_I_Call_Music__1-115_2023/Vol 077/cd1.bmp	68 18769
/mnt/tank/downloads/complete/nzb/unsorted/VA-Now_That.s_What_I_Call_Music__1-115_2023/cd2.bmp	/mnt/tank/downloads/complete/nzb/unsorted/VA-Now_That.s_What_I_Call_Music__1-115_2023/Vol 077/cd2.bmp	68 18770
