1983. Now That's What I Call Music! [2018 Reissue, Remastered]	1	year-prefix+bracket+no-number-is-volume-1	[2018 Reissue, Remastered]
1984. Now That's What I Call Music! 2 [2019 Reissue Remastered]	2	year-prefix+bracket+trailing-number	[2019 Reissue Remastered]
1984. Now That's What I Call Music! 3 [2019 Reissue]	3	year-prefix+bracket+trailing-number	[2019 Reissue]
1984. Now That's What I Call Music! 4 [2019 Reissue]	4	year-prefix+bracket+trailing-number	[2019 Reissue]
1984. Now That's What I Call Music! 4 [Genuine UK 1CD-Extremely Rare Estimated 500 copies Pressed]	4	year-prefix+bracket+trailing-number	[Genuine UK 1CD-Extremely Rare Estimated 500 copies Pressed]
1984. Now That's What I Call Music! 4 [Original 1CD Extremely Rare Estimated 500 copies Pressed]	4	year-prefix+bracket+trailing-number	[Original 1CD Extremely Rare Estimated 500 copies Pressed]
1985. Now That's What I Call Music! 5 [2020 Reissue]	5	year-prefix+bracket+trailing-number	[2020 Reissue]
1985. Now That's What I Call Music! 6 [2020 Reissue]	6	year-prefix+bracket+trailing-number	[2020 Reissue]
1986. Now That's What I Call Music! 7 [2020 Reissue]	7	year-prefix+bracket+trailing-number	[2020 Reissue]
1986. Now That's What I Call Music! 8 [2021 Reissue]	8	year-prefix+bracket+trailing-number	[2021 Reissue]
1986. Now That's What I Call Music! 8 [Original 1CD Rare]	8	year-prefix+bracket+trailing-number	[Original 1CD Rare]
1987. Now That's What I Call Music! 9 [2021 Reissue]	9	year-prefix+bracket+trailing-number	[2021 Reissue]
1987. Now That's What I Call Music! 9 [Original 1CD Rare]	9	year-prefix+bracket+trailing-number	[Original 1CD Rare]
1987. Now That's What I Call Music! 10 [First 2CD Release]	10	year-prefix+bracket+trailing-number	[First 2CD Release]
1988. Now That's What I Call Music! 11	11	year-prefix+trailing-number	
1988. Now That's What I Call Music! 12	12	year-prefix+trailing-number	
1988. Now That's What I Call Music! 13	13	year-prefix+trailing-number	
1989. Now That's What I Call Music! 14	14	year-prefix+trailing-number	
1989. Now That's What I Call Music! 15	15	year-prefix+trailing-number	
1989. Now That's What I Call Music! 16	16	year-prefix+trailing-number	
1990. Now That's What I Call Music! 17	17	year-prefix+trailing-number	
1990. Now That's What I Call Music! 18	18	year-prefix+trailing-number	
1991. Now That's What I Call Music! 19	19	year-prefix+trailing-number	
1991. Now That's What I Call Music! 20	20	year-prefix+trailing-number	
1992. Now That's What I Call Music! 21	21	year-prefix+trailing-number	
1992. Now That's What I Call Music! 22	22	year-prefix+trailing-number	
1992. Now That's What I Call Music! 23	23	year-prefix+trailing-number	
1993. Now That's What I Call Music! 24	24	year-prefix+trailing-number	
1993. Now That's What I Call Music! 25	25	year-prefix+trailing-number	
1993. Now That's What I Call Music! 26	26	year-prefix+trailing-number	
1994. Now That's What I Call Music! 27	27	year-prefix+trailing-number	
1994. Now That's What I Call Music! 28	28	year-prefix+trailing-number	
1994. Now That's What I Call Music! 29	29	year-prefix+trailing-number	
1995. Now That's What I Call Music! 30	30	year-prefix+trailing-number	
1995. Now That's What I Call Music! 31	31	year-prefix+trailing-number	
1995. Now That's What I Call Music! 32	32	year-prefix+trailing-number	
1996. Now That's What I Call Music! 33	33	year-prefix+trailing-number	
1996. Now That's What I Call Music! 34	34	year-prefix+trailing-number	
1996. Now That's What I Call Music! 35	35	year-prefix+trailing-number	
1997. Now That's What I Call Music! 36	36	year-prefix+trailing-number	
1997. Now That's What I Call Music! 37	37	year-prefix+trailing-number	
1997. Now That's What I Call Music! 38	38	year-prefix+trailing-number	
1998. Now That's What I Call Music! 39	39	year-prefix+trailing-number	
1998. Now That's What I Call Music! 40	40	year-prefix+trailing-number	
1998. Now That's What I Call Music! 41	41	year-prefix+trailing-number	
1999. Now That's What I Call Music! 42	42	year-prefix+trailing-number	
1999. Now That's What I Call Music! 43	43	year-prefix+trailing-number	
1999. Now That's What I Call Music! 44	44	year-prefix+trailing-number	
2000. Now That's What I Call Music! 45	45	year-prefix+trailing-number	
2000. Now That's What I Call Music! 46	46	year-prefix+trailing-number	
2000. Now That's What I Call Music! 47	47	year-prefix+trailing-number	
2001. Now That's What I Call Music! 48	48	year-prefix+trailing-number	
2001. Now That's What I Call Music! 49	49	year-prefix+trailing-number	
2001. Now That's What I Call Music! 50	50	year-prefix+trailing-number	
2002. Now That's What I Call Music! 51	51	year-prefix+trailing-number	
2002. Now That's What I Call Music! 52	52	year-prefix+trailing-number	
2002. Now That's What I Call Music! 53	53	year-prefix+trailing-number	
2003. Now That's What I Call Music! 54	54	year-prefix+trailing-number	
2003. Now That's What I Call Music! 55	55	year-prefix+trailing-number	
2003. Now That's What I Call Music! 56	56	year-prefix+trailing-number	
2004. Now That's What I Call Music! 57	57	year-prefix+trailing-number	
2004. Now That's What I Call Music! 58	58	year-prefix+trailing-number	
2004. Now That's What I Call Music! 59	59	year-prefix+trailing-number	
2005. Now That's What I Call Music! 60	60	year-prefix+trailing-number	
2005. Now That's What I Call Music! 61	61	year-prefix+trailing-number	
2005. Now That's What I Call Music! 62	62	year-prefix+trailing-number	
2006. Now That's What I Call Music! 63	63	year-prefix+trailing-number	
2006. Now That's What I Call Music! 64 (Last audio cassette release)	64	year-prefix+paren+trailing-number	(Last audio cassette release)
2006. Now That's What I Call Music! 65	65	year-prefix+trailing-number	
2007. Now That's What I Call Music! 66	66	year-prefix+trailing-number	
2007. Now That's What I Call Music! 67	67	year-prefix+trailing-number	
2007. Now That's What I Call Music! 68	68	year-prefix+trailing-number	
2008. Now That's What I Call Music! 69	69	year-prefix+trailing-number	
2008. Now That's What I Call Music! 70	70	year-prefix+trailing-number	
2008. Now That's What I Call Music! 71	71	year-prefix+trailing-number	
2009. Now That's What I Call Music! 72	72	year-prefix+trailing-number	
2009. Now That's What I Call Music! 73	73	year-prefix+trailing-number	
2009. Now That's What I Call Music! 74	74	year-prefix+trailing-number	
2010. Now That's What I Call Music! 75	75	year-prefix+trailing-number	
2010. Now That's What I Call Music! 76	76	year-prefix+trailing-number	
2010. Now That's What I Call Music! 77	77	year-prefix+trailing-number	
2011. Now That's What I Call Music! 78	78	year-prefix+trailing-number	
2011. Now That's What I Call Music! 79	79	year-prefix+trailing-number	
2011. Now That's What I Call Music! 80	80	year-prefix+trailing-number	
2012. Now That's What I Call Music! 81	81	year-prefix+trailing-number	
2012. Now That's What I Call Music! 82	82	year-prefix+trailing-number	
2012. Now That's What I Call Music! 83	83	year-prefix+trailing-number	
2013. Now That's What I Call Music! 84	84	year-prefix+trailing-number	
2013. Now That's What I Call Music! 85	85	year-prefix+trailing-number	
2013. Now That's What I Call Music! 86	86	year-prefix+trailing-number	
2014. Now That's What I Call Music! 87	87	year-prefix+trailing-number	
2014. Now That's What I Call Music! 88	88	year-prefix+trailing-number	
2014. Now That's What I Call Music! 89	89	year-prefix+trailing-number	
2015. Now That's What I Call Music! 90	90	year-prefix+trailing-number	
2015. Now That's What I Call Music! 91	91	year-prefix+trailing-number	
2015. Now That's What I Call Music! 92	92	year-prefix+trailing-number	
2016. Now That's What I Call Music! 93	93	year-prefix+trailing-number	
2016. Now That's What I Call Music! 94	94	year-prefix+trailing-number	
2016. Now That's What I Call Music! 95	95	year-prefix+trailing-number	
2017. Now That's What I Call Music! 96	96	year-prefix+trailing-number	
2017. Now That's What I Call Music! 97	97	year-prefix+trailing-number	
2017. Now That's What I Call Music! 98	98	year-prefix+trailing-number	
2018. Now That's What I Call Music! 99	99	year-prefix+trailing-number	
2018. Now That's What I Call Music! 100	100	year-prefix+trailing-number	
2018. Now That's What I Call Music! 101	101	year-prefix+trailing-number	
2019. Now That's What I Call Music! 102	102	year-prefix+trailing-number	
2019. Now That's What I Call Music! 103	103	year-prefix+trailing-number	
2019. Now That's What I Call Music! 104	104	year-prefix+trailing-number	
2020. Now That's What I Call Music! 105	105	year-prefix+trailing-number	
2020. Now That's What I Call Music! 106	106	year-prefix+trailing-number	
2020. Now That's What I Call Music! 107	107	year-prefix+trailing-number	
2021. Now That's What I Call Music! 108	108	year-prefix+trailing-number	
2021. Now That's What I Call Music! 109	109	year-prefix+trailing-number	
2021. Now That's What I Call Music! 110	110	year-prefix+trailing-number	
2022. Now That's What I Call Music! 111	111	year-prefix+trailing-number	
2022. Now That's What I Call Music! 112	112	year-prefix+trailing-number	
2022. Now That's What I Call Music! 113	113	year-prefix+trailing-number	
2023. Now That's What I Call Music! 114	114	year-prefix+trailing-number	
2023. Now That's What I Call Music! 115	115	year-prefix+trailing-number	
