50	Now That's What I Call Music! 115
50	Now That's What I Call Music! 114
50	Now That's What I Call Music! 111
49	Now That's What I Call Music! 110
48	Now That's What I Call Music! 113
48	Now That's What I Call Music! 112
48	Now That's What I Call Music! 109
48	Now That's What I Call Music! 103
47	Now That's What I Call Music! 104
46	Now That's What I Call Music! 92
46	Now That's What I Call Music! 87
46	Now That's What I Call Music! 76
46	Now That's What I Call Music! 108
46	Now That's What I Call Music! 105
46	Now That's What I Call Music! 102
46	Now That's What I Call Music! 101
45	Now That's What I Call Music! 99
45	Now That's What I Call Music! 98
45	Now That's What I Call Music! 97
45	Now That's What I Call Music! 95
45	Now That's What I Call Music! 90
45	Now That's What I Call Music! 89
45	Now That's What I Call Music! 88
45	Now That's What I Call Music! 74
45	Now That's What I Call Music! 71
45	Now That's What I Call Music! 65
45	Now That's What I Call Music! 45
45	Now That's What I Call Music 4
44	Now That's What I Call Music! 93
44	Now That's What I Call Music! 91
44	Now That's What I Call Music! 86
44	Now That's What I Call Music! 85
44	Now That's What I Call Music! 82
44	Now That's What I Call Music! 79
44	Now That's What I Call Music! 77
44	Now That's What I Call Music! 73
44	Now That's What I Call Music! 68
44	Now That's What I Call Music! 66
44	Now That's What I Call Music! 57
44	Now That's What I Call Music! 50
44	Now That's What I Call Music! 100
44	Now That's What I Call Music 9
43	Now That's What I Call Music! 96
43	Now That's What I Call Music! 84
43	Now That's What I Call Music! 80
43	Now That's What I Call Music! 75
43	Now That's What I Call Music! 72
43	Now That's What I Call Music! 67
43	Now That's What I Call Music! 64
43	Now That's What I Call Music! 62
43	Now That's What I Call Music! 61
43	Now That's What I Call Music! 60
43	Now That's What I Call Music! 59
43	Now That's What I Call Music! 56
43	Now That's What I Call Music! 53
43	Now That's What I Call Music! 51
43	Now That's What I Call Music! 46
43	Now That's What I Call Music! 107
42	Now That's What I Call Music! 94
42	Now That's What I Call Music! 83
42	Now That's What I Call Music! 81
42	Now That's What I Call Music! 78
42	Now That's What I Call Music! 70
42	Now That's What I Call Music! 69
42	Now That's What I Call Music! 63
42	Now That's What I Call Music! 58
42	Now That's What I Call Music! 55
42	Now That's What I Call Music! 54
42	Now That's What I Call Music! 47
42	Now That's What I Call Music! 44
42	Now That's What I Call Music! 41
42	Now That's What I Call Music! 34
42	Now That's What I Call Music 8
41	Now That's What I Call Music! 52
41	Now That's What I Call Music! 49
41	Now That's What I Call Music! 48
41	Now That's What I Call Music! 43
41	Now That's What I Call Music! 38
41	Now That's What I Call Music! 37
41	Now That's What I Call Music! 106
40	Now That's What I Call Music! 42
40	Now That's What I Call Music! 40
40	Now That's What I Call Music! 39
40	Now That's What I Call Music! 35
40	Now That's What I Call Music! 33
40	Now That's What I Call Music! 32
40	Now That's What I Call Music! 31
40	Now That's What I Call Music! 30
40	Now That's What I Call Music! 28
40	Now That's What I Call Music! 26
39	Now That's What I Call Music 23
38	Now That's What I Call Music 29
38	Now That's What I Call Music 27
37	Now That's What I Call Music 24
36	Now That's What I Call Music 21
35	Now That's What I Call Music! 25
35	Now That's What I Call Music! 20
35	Now That's What I Call Music 16
34	Now That's What I Call Music! 22
34	Now That's What I Call Music! 19
32	Now That's What I Call Music! 14
32	Now That's What I Call Music 17
32	Now That's What I Call Music 13
32	Now That's What I Call Music 12
31	Now That's What I Call Music! 18
31	Now That's What I Call Music 15
30	Now, That's What I Call Music II
30	Now That's What I Call Music 7
30	Now That's What I Call Music 11
30	Now That's What I Call Music 10
30	Now That's What I Call Music
29	Now That's What I Call Music 6
29	Now That's What I Call Music 5
26	Now That's What I Call Music 3
20	Now That's What I Call Music! Vol.36  CD2
16	Now That's What I Call Music! Vol.36 CD1
4	Now That's What I Call Music! 36
