self	/mnt/tank/downloads/complete/.DS_Store	file	70	207962	3000:568	1	1	this entry only is not 568:568; the 0 entries beneath it are already correct; owner 3000:568
self	/mnt/tank/downloads/complete/nzb/.DS_Store	file	70	207194	3000:568	1	1	this entry only is not 568:568; the 0 entries beneath it are already correct; owner 3000:568
recursive	/mnt/tank/downloads/complete/nzb/software/BatoceraPC1TB-BoredGameDad/BGD Super Clean PC	dir	70	6017	0:568	3	3	entire subtree is not 568:568 - 3 entries (1 dirs / 2 files); owners 0:568
recursive	/mnt/tank/downloads/complete/nzb/tv/Tracker.2024.S03E11.720p.HDTV.x264-SYNCOPY	dir	70	231982	100911:100911	1	1	entire subtree is not 568:568 - 1 entries (1 dirs / 0 files); owners 100911:100911
self	/mnt/tank/downloads/complete/nzb/unsorted/.DS_Store	file	70	207963	3000:568	1	1	this entry only is not 568:568; the 0 entries beneath it are already correct; owner 3000:568
recursive	/mnt/tank/downloads/complete/nzb/unsorted/VA - Mastermix Issue 441-WEB-2023-MST/.covers	dir	70	208128	0:568	2	2	entire subtree is not 568:568 - 2 entries (1 dirs / 1 files); owners 0:568
recursive	/mnt/tank/downloads/complete/nzb/unsorted/VA-DMC-Essential.Hits.233-WEB-2024-MST	dir	70	230353	100911:100911	27	27	entire subtree is not 568:568 - 27 entries (1 dirs / 26 files); owners 100911:100911
recursive	/mnt/tank/downloads/complete/nzb/unsorted/VA-DMC-Essential.Hits.234-WEB-2024-MST	dir	70	231602	100911:100911	27	27	entire subtree is not 568:568 - 27 entries (1 dirs / 26 files); owners 100911:100911
recursive	/mnt/tank/downloads/complete/nzb/unsorted/VA-DMC-Essential.Hits.235-WEB-2024-MST	dir	70	231563	100911:100911	28	28	entire subtree is not 568:568 - 28 entries (1 dirs / 27 files); owners 100911:100911
recursive	/mnt/tank/downloads/complete/nzb/unsorted/VA-Mastermix-Essential.Hits.[Pop.Soul]-WEB-2024-MST	dir	70	230970	100911:100911	53	53	entire subtree is not 568:568 - 53 entries (1 dirs / 52 files); owners 100911:100911
recursive	/mnt/tank/downloads/complete/nzb/unsorted/VA-Mastermix.Essential.Hits.Pop.4.2005-2009-2025	dir	70	231672	100911:100911	51	51	entire subtree is not 568:568 - 51 entries (1 dirs / 50 files); owners 100911:100911
recursive	/mnt/tank/downloads/complete/nzb/unsorted/VA-Mastermix.Issue.439-WEB-2022-MS/.covers	dir	70	207577	0:568	2	2	entire subtree is not 568:568 - 2 entries (1 dirs / 1 files); owners 0:568
recursive	/mnt/tank/downloads/complete/nzb/unsorted/VA-Mastermix.Issue.443-WEB-2023-MST/.covers	dir	70	207407	0:568	2	2	entire subtree is not 568:568 - 2 entries (1 dirs / 1 files); owners 0:568
recursive	/mnt/tank/downloads/complete/nzb/unsorted/VA-Mastermix.Issue.444-WEB-2023-MST/.covers	dir	70	207409	0:568	2	2	entire subtree is not 568:568 - 2 entries (1 dirs / 1 files); owners 0:568
self	/mnt/tank/downloads/complete/nzb/unsorted/VA-Now_That.s_What_I_Call_Music__1-115_2023/Vol 001	dir	70	260442	100000:100000	1	31	this entry only is not 568:568; the 30 entries beneath it are already correct; owner 100000:100000
self	/mnt/tank/downloads/complete/nzb/unsorted/VA-Now_That.s_What_I_Call_Music__1-115_2023/Vol 002	dir	70	260443	100000:100000	1	31	this entry only is not 568:568; the 30 entries beneath it are already correct; owner 100000:100000
self	/mnt/tank/downloads/complete/nzb/unsorted/VA-Now_That.s_What_I_Call_Music__1-115_2023/Vol 003	dir	70	260444	100000:100000	1	27	this entry only is not 568:568; the 26 entries beneath it are already correct; owner 100000:100000
self	/mnt/tank/downloads/complete/nzb/unsorted/VA-Now_That.s_What_I_Call_Music__1-115_2023/Vol 004	dir	70	260445	100000:100000	1	46	this entry only is not 568:568; the 45 entries beneath it are already correct; owner 100000:100000
self	/mnt/tank/downloads/complete/nzb/unsorted/VA-Now_That.s_What_I_Call_Music__1-115_2023/Vol 005	dir	70	260956	100000:100000	1	30	this entry only is not 568:568; the 29 entries beneath it are already correct; owner 100000:100000
self	/mnt/tank/downloads/complete/nzb/unsorted/VA-Now_That.s_What_I_Call_Music__1-115_2023/Vol 006	dir	70	260957	100000:100000	1	30	this entry only is not 568:568; the 29 entries beneath it are already correct; owner 100000:100000
self	/mnt/tank/downloads/complete/nzb/unsorted/VA-Now_That.s_What_I_Call_Music__1-115_2023/Vol 007	dir	70	246770	100000:100000	1	31	this entry only is not 568:568; the 30 entries beneath it are already correct; owner 100000:100000
self	/mnt/tank/downloads/complete/nzb/unsorted/VA-Now_That.s_What_I_Call_Music__1-115_2023/Vol 008	dir	70	260958	100000:100000	1	43	this entry only is not 568:568; the 42 entries beneath it are already correct; owner 100000:100000
self	/mnt/tank/downloads/complete/nzb/unsorted/VA-Now_That.s_What_I_Call_Music__1-115_2023/Vol 009	dir	70	260325	100000:100000	1	45	this entry only is not 568:568; the 44 entries beneath it are already correct; owner 100000:100000
self	/mnt/tank/downloads/complete/nzb/unsorted/VA-Now_That.s_What_I_Call_Music__1-115_2023/Vol 010	dir	70	260326	100000:100000	1	31	this entry only is not 568:568; the 30 entries beneath it are already correct; owner 100000:100000
self	/mnt/tank/downloads/complete/nzb/unsorted/VA-Now_That.s_What_I_Call_Music__1-115_2023/Vol 011	dir	70	260327	100000:100000	1	31	this entry only is not 568:568; the 30 entries beneath it are already correct; owner 100000:100000
self	/mnt/tank/downloads/complete/nzb/unsorted/VA-Now_That.s_What_I_Call_Music__1-115_2023/Vol 012	dir	70	260328	100000:100000	1	33	this entry only is not 568:568; the 32 entries beneath it are already correct; owner 100000:100000
self	/mnt/tank/downloads/complete/nzb/unsorted/VA-Now_That.s_What_I_Call_Music__1-115_2023/Vol 013	dir	70	260329	100000:100000	1	33	this entry only is not 568:568; the 32 entries beneath it are already correct; owner 100000:100000
self	/mnt/tank/downloads/complete/nzb/unsorted/VA-Now_That.s_What_I_Call_Music__1-115_2023/Vol 014	dir	70	260330	100000:100000	1	33	this entry only is not 568:568; the 32 entries beneath it are already correct; owner 100000:100000
self	/mnt/tank/downloads/complete/nzb/unsorted/VA-Now_That.s_What_I_Call_Music__1-115_2023/Vol 015	dir	70	260331	100000:100000	1	32	this entry only is not 568:568; the 31 entries beneath it are already correct; owner 100000:100000
self	/mnt/tank/downloads/complete/nzb/unsorted/VA-Now_That.s_What_I_Call_Music__1-115_2023/Vol 016	dir	70	260332	100000:100000	1	36	this entry only is not 568:568; the 35 entries beneath it are already correct; owner 100000:100000
self	/mnt/tank/downloads/complete/nzb/unsorted/VA-Now_That.s_What_I_Call_Music__1-115_2023/Vol 017	dir	70	269452	100000:100000	1	33	this entry only is not 568:568; the 32 entries beneath it are already correct; owner 100000:100000
self	/mnt/tank/downloads/complete/nzb/unsorted/VA-Now_That.s_What_I_Call_Music__1-115_2023/Vol 018	dir	70	269453	100000:100000	1	32	this entry only is not 568:568; the 31 entries beneath it are already correct; owner 100000:100000
self	/mnt/tank/downloads/complete/nzb/unsorted/VA-Now_That.s_What_I_Call_Music__1-115_2023/Vol 019	dir	70	269454	100000:100000	1	35	this entry only is not 568:568; the 34 entries beneath it are already correct; owner 100000:100000
self	/mnt/tank/downloads/complete/nzb/unsorted/VA-Now_That.s_What_I_Call_Music__1-115_2023/Vol 020	dir	70	269455	100000:100000	1	36	this entry only is not 568:568; the 35 entries beneath it are already correct; owner 100000:100000
self	/mnt/tank/downloads/complete/nzb/unsorted/VA-Now_That.s_What_I_Call_Music__1-115_2023/Vol 021	dir	70	246771	100000:100000	1	37	this entry only is not 568:568; the 36 entries beneath it are already correct; owner 100000:100000
self	/mnt/tank/downloads/complete/nzb/unsorted/VA-Now_That.s_What_I_Call_Music__1-115_2023/Vol 022	dir	70	269456	100000:100000	1	35	this entry only is not 568:568; the 34 entries beneath it are already correct; owner 100000:100000
self	/mnt/tank/downloads/complete/nzb/unsorted/VA-Now_That.s_What_I_Call_Music__1-115_2023/Vol 023	dir	70	260959	100000:100000	1	40	this entry only is not 568:568; the 39 entries beneath it are already correct; owner 100000:100000
self	/mnt/tank/downloads/complete/nzb/unsorted/VA-Now_That.s_What_I_Call_Music__1-115_2023/Vol 024	dir	70	260960	100000:100000	1	38	this entry only is not 568:568; the 37 entries beneath it are already correct; owner 100000:100000
self	/mnt/tank/downloads/complete/nzb/unsorted/VA-Now_That.s_What_I_Call_Music__1-115_2023/Vol 025	dir	70	260961	100000:100000	1	36	this entry only is not 568:568; the 35 entries beneath it are already correct; owner 100000:100000
self	/mnt/tank/downloads/complete/nzb/unsorted/VA-Now_That.s_What_I_Call_Music__1-115_2023/Vol 026	dir	70	260446	100000:100000	1	41	this entry only is not 568:568; the 40 entries beneath it are already correct; owner 100000:100000
self	/mnt/tank/downloads/complete/nzb/unsorted/VA-Now_That.s_What_I_Call_Music__1-115_2023/Vol 027	dir	70	260447	100000:100000	1	39	this entry only is not 568:568; the 38 entries beneath it are already correct; owner 100000:100000
self	/mnt/tank/downloads/complete/nzb/unsorted/VA-Now_That.s_What_I_Call_Music__1-115_2023/Vol 028	dir	70	269457	100000:100000	1	41	this entry only is not 568:568; the 40 entries beneath it are already correct; owner 100000:100000
self	/mnt/tank/downloads/complete/nzb/unsorted/VA-Now_That.s_What_I_Call_Music__1-115_2023/Vol 029	dir	70	269458	100000:100000	1	39	this entry only is not 568:568; the 38 entries beneath it are already correct; owner 100000:100000
self	/mnt/tank/downloads/complete/nzb/unsorted/VA-Now_That.s_What_I_Call_Music__1-115_2023/Vol 030	dir	70	269459	100000:100000	1	41	this entry only is not 568:568; the 40 entries beneath it are already correct; owner 100000:100000
self	/mnt/tank/downloads/complete/nzb/unsorted/VA-Now_That.s_What_I_Call_Music__1-115_2023/Vol 031	dir	70	269460	100000:100000	1	41	this entry only is not 568:568; the 40 entries beneath it are already correct; owner 100000:100000
self	/mnt/tank/downloads/complete/nzb/unsorted/VA-Now_That.s_What_I_Call_Music__1-115_2023/Vol 032	dir	70	269461	100000:100000	1	41	this entry only is not 568:568; the 40 entries beneath it are already correct; owner 100000:100000
self	/mnt/tank/downloads/complete/nzb/unsorted/VA-Now_That.s_What_I_Call_Music__1-115_2023/Vol 033	dir	70	269462	100000:100000	1	41	this entry only is not 568:568; the 40 entries beneath it are already correct; owner 100000:100000
self	/mnt/tank/downloads/complete/nzb/unsorted/VA-Now_That.s_What_I_Call_Music__1-115_2023/Vol 034	dir	70	269463	100000:100000	1	43	this entry only is not 568:568; the 42 entries beneath it are already correct; owner 100000:100000
self	/mnt/tank/downloads/complete/nzb/unsorted/VA-Now_That.s_What_I_Call_Music__1-115_2023/Vol 035	dir	70	269464	100000:100000	1	41	this entry only is not 568:568; the 40 entries beneath it are already correct; owner 100000:100000
self	/mnt/tank/downloads/complete/nzb/unsorted/VA-Now_That.s_What_I_Call_Music__1-115_2023/Vol 036	dir	70	269465	100000:100000	1	41	this entry only is not 568:568; the 40 entries beneath it are already correct; owner 100000:100000
self	/mnt/tank/downloads/complete/nzb/unsorted/VA-Now_That.s_What_I_Call_Music__1-115_2023/Vol 037	dir	70	269466	100000:100000	1	42	this entry only is not 568:568; the 41 entries beneath it are already correct; owner 100000:100000
self	/mnt/tank/downloads/complete/nzb/unsorted/VA-Now_That.s_What_I_Call_Music__1-115_2023/Vol 038	dir	70	260962	100000:100000	1	42	this entry only is not 568:568; the 41 entries beneath it are already correct; owner 100000:100000
self	/mnt/tank/downloads/complete/nzb/unsorted/VA-Now_That.s_What_I_Call_Music__1-115_2023/Vol 039	dir	70	260963	100000:100000	1	41	this entry only is not 568:568; the 40 entries beneath it are already correct; owner 100000:100000
self	/mnt/tank/downloads/complete/nzb/unsorted/VA-Now_That.s_What_I_Call_Music__1-115_2023/Vol 040	dir	70	269467	100000:100000	1	41	this entry only is not 568:568; the 40 entries beneath it are already correct; owner 100000:100000
self	/mnt/tank/downloads/complete/nzb/unsorted/VA-Now_That.s_What_I_Call_Music__1-115_2023/Vol 041	dir	70	269468	100000:100000	1	43	this entry only is not 568:568; the 42 entries beneath it are already correct; owner 100000:100000
self	/mnt/tank/downloads/complete/nzb/unsorted/VA-Now_That.s_What_I_Call_Music__1-115_2023/Vol 042	dir	70	269469	100000:100000	1	41	this entry only is not 568:568; the 40 entries beneath it are already correct; owner 100000:100000
self	/mnt/tank/downloads/complete/nzb/unsorted/VA-Now_That.s_What_I_Call_Music__1-115_2023/Vol 043	dir	70	260333	100000:100000	1	42	this entry only is not 568:568; the 41 entries beneath it are already correct; owner 100000:100000
self	/mnt/tank/downloads/complete/nzb/unsorted/VA-Now_That.s_What_I_Call_Music__1-115_2023/Vol 044	dir	70	260448	100000:100000	1	43	this entry only is not 568:568; the 42 entries beneath it are already correct; owner 100000:100000
self	/mnt/tank/downloads/complete/nzb/unsorted/VA-Now_That.s_What_I_Call_Music__1-115_2023/Vol 045	dir	70	260449	100000:100000	1	46	this entry only is not 568:568; the 45 entries beneath it are already correct; owner 100000:100000
self	/mnt/tank/downloads/complete/nzb/unsorted/VA-Now_That.s_What_I_Call_Music__1-115_2023/Vol 046	dir	70	260450	100000:100000	1	44	this entry only is not 568:568; the 43 entries beneath it are already correct; owner 100000:100000
self	/mnt/tank/downloads/complete/nzb/unsorted/VA-Now_That.s_What_I_Call_Music__1-115_2023/Vol 047	dir	70	260451	100000:100000	1	43	this entry only is not 568:568; the 42 entries beneath it are already correct; owner 100000:100000
self	/mnt/tank/downloads/complete/nzb/unsorted/VA-Now_That.s_What_I_Call_Music__1-115_2023/Vol 048	dir	70	260334	100000:100000	1	42	this entry only is not 568:568; the 41 entries beneath it are already correct; owner 100000:100000
self	/mnt/tank/downloads/complete/nzb/unsorted/VA-Now_That.s_What_I_Call_Music__1-115_2023/Vol 049	dir	70	260335	100000:100000	1	42	this entry only is not 568:568; the 41 entries beneath it are already correct; owner 100000:100000
self	/mnt/tank/downloads/complete/nzb/unsorted/VA-Now_That.s_What_I_Call_Music__1-115_2023/Vol 050	dir	70	260452	100000:100000	1	45	this entry only is not 568:568; the 44 entries beneath it are already correct; owner 100000:100000
self	/mnt/tank/downloads/complete/nzb/unsorted/VA-Now_That.s_What_I_Call_Music__1-115_2023/Vol 051	dir	70	260453	100000:100000	1	44	this entry only is not 568:568; the 43 entries beneath it are already correct; owner 100000:100000
self	/mnt/tank/downloads/complete/nzb/unsorted/VA-Now_That.s_What_I_Call_Music__1-115_2023/Vol 052	dir	70	260454	100000:100000	1	42	this entry only is not 568:568; the 41 entries beneath it are already correct; owner 100000:100000
self	/mnt/tank/downloads/complete/nzb/unsorted/VA-Now_That.s_What_I_Call_Music__1-115_2023/Vol 053	dir	70	260455	100000:100000	1	44	this entry only is not 568:568; the 43 entries beneath it are already correct; owner 100000:100000
self	/mnt/tank/downloads/complete/nzb/unsorted/VA-Now_That.s_What_I_Call_Music__1-115_2023/Vol 054	dir	70	260456	100000:100000	1	43	this entry only is not 568:568; the 42 entries beneath it are already correct; owner 100000:100000
self	/mnt/tank/downloads/complete/nzb/unsorted/VA-Now_That.s_What_I_Call_Music__1-115_2023/Vol 055	dir	70	260457	100000:100000	1	43	this entry only is not 568:568; the 42 entries beneath it are already correct; owner 100000:100000
self	/mnt/tank/downloads/complete/nzb/unsorted/VA-Now_That.s_What_I_Call_Music__1-115_2023/Vol 056	dir	70	260336	100000:100000	1	44	this entry only is not 568:568; the 43 entries beneath it are already correct; owner 100000:100000
self	/mnt/tank/downloads/complete/nzb/unsorted/VA-Now_That.s_What_I_Call_Music__1-115_2023/Vol 057	dir	70	246772	100000:100000	1	45	this entry only is not 568:568; the 44 entries beneath it are already correct; owner 100000:100000
self	/mnt/tank/downloads/complete/nzb/unsorted/VA-Now_That.s_What_I_Call_Music__1-115_2023/Vol 058	dir	70	260458	100000:100000	1	43	this entry only is not 568:568; the 42 entries beneath it are already correct; owner 100000:100000
self	/mnt/tank/downloads/complete/nzb/unsorted/VA-Now_That.s_What_I_Call_Music__1-115_2023/Vol 059	dir	70	260964	100000:100000	1	44	this entry only is not 568:568; the 43 entries beneath it are already correct; owner 100000:100000
self	/mnt/tank/downloads/complete/nzb/unsorted/VA-Now_That.s_What_I_Call_Music__1-115_2023/Vol 060	dir	70	260337	100000:100000	1	44	this entry only is not 568:568; the 43 entries beneath it are already correct; owner 100000:100000
self	/mnt/tank/downloads/complete/nzb/unsorted/VA-Now_That.s_What_I_Call_Music__1-115_2023/Vol 061	dir	70	260965	100000:100000	1	44	this entry only is not 568:568; the 43 entries beneath it are already correct; owner 100000:100000
self	/mnt/tank/downloads/complete/nzb/unsorted/VA-Now_That.s_What_I_Call_Music__1-115_2023/Vol 062	dir	70	247150	100000:100000	1	44	this entry only is not 568:568; the 43 entries beneath it are already correct; owner 100000:100000
self	/mnt/tank/downloads/complete/nzb/unsorted/VA-Now_That.s_What_I_Call_Music__1-115_2023/Vol 063	dir	70	247151	100000:100000	1	43	this entry only is not 568:568; the 42 entries beneath it are already correct; owner 100000:100000
self	/mnt/tank/downloads/complete/nzb/unsorted/VA-Now_That.s_What_I_Call_Music__1-115_2023/Vol 064	dir	70	269470	100000:100000	1	44	this entry only is not 568:568; the 43 entries beneath it are already correct; owner 100000:100000
self	/mnt/tank/downloads/complete/nzb/unsorted/VA-Now_That.s_What_I_Call_Music__1-115_2023/Vol 065	dir	70	247152	100000:100000	1	46	this entry only is not 568:568; the 45 entries beneath it are already correct; owner 100000:100000
self	/mnt/tank/downloads/complete/nzb/unsorted/VA-Now_That.s_What_I_Call_Music__1-115_2023/Vol 066	dir	70	264862	100000:100000	1	45	this entry only is not 568:568; the 44 entries beneath it are already correct; owner 100000:100000
self	/mnt/tank/downloads/complete/nzb/unsorted/VA-Now_That.s_What_I_Call_Music__1-115_2023/Vol 067	dir	70	260459	100000:100000	1	44	this entry only is not 568:568; the 43 entries beneath it are already correct; owner 100000:100000
self	/mnt/tank/downloads/complete/nzb/unsorted/VA-Now_That.s_What_I_Call_Music__1-115_2023/Vol 068	dir	70	260966	100000:100000	1	45	this entry only is not 568:568; the 44 entries beneath it are already correct; owner 100000:100000
self	/mnt/tank/downloads/complete/nzb/unsorted/VA-Now_That.s_What_I_Call_Music__1-115_2023/Vol 069	dir	70	260460	100000:100000	1	43	this entry only is not 568:568; the 42 entries beneath it are already correct; owner 100000:100000
self	/mnt/tank/downloads/complete/nzb/unsorted/VA-Now_That.s_What_I_Call_Music__1-115_2023/Vol 070	dir	70	260461	100000:100000	1	43	this entry only is not 568:568; the 42 entries beneath it are already correct; owner 100000:100000
self	/mnt/tank/downloads/complete/nzb/unsorted/VA-Now_That.s_What_I_Call_Music__1-115_2023/Vol 071	dir	70	260338	100000:100000	1	46	this entry only is not 568:568; the 45 entries beneath it are already correct; owner 100000:100000
self	/mnt/tank/downloads/complete/nzb/unsorted/VA-Now_That.s_What_I_Call_Music__1-115_2023/Vol 072	dir	70	260462	100000:100000	1	44	this entry only is not 568:568; the 43 entries beneath it are already correct; owner 100000:100000
self	/mnt/tank/downloads/complete/nzb/unsorted/VA-Now_That.s_What_I_Call_Music__1-115_2023/Vol 073	dir	70	264863	100000:100000	1	45	this entry only is not 568:568; the 44 entries beneath it are already correct; owner 100000:100000
self	/mnt/tank/downloads/complete/nzb/unsorted/VA-Now_That.s_What_I_Call_Music__1-115_2023/Vol 074	dir	70	264864	100000:100000	1	46	this entry only is not 568:568; the 45 entries beneath it are already correct; owner 100000:100000
self	/mnt/tank/downloads/complete/nzb/unsorted/VA-Now_That.s_What_I_Call_Music__1-115_2023/Vol 075	dir	70	260967	100000:100000	1	44	this entry only is not 568:568; the 43 entries beneath it are already correct; owner 100000:100000
self	/mnt/tank/downloads/complete/nzb/unsorted/VA-Now_That.s_What_I_Call_Music__1-115_2023/Vol 076	dir	70	260968	100000:100000	1	47	this entry only is not 568:568; the 46 entries beneath it are already correct; owner 100000:100000
self	/mnt/tank/downloads/complete/nzb/unsorted/VA-Now_That.s_What_I_Call_Music__1-115_2023/Vol 077	dir	70	247153	100000:100000	1	48	this entry only is not 568:568; the 47 entries beneath it are already correct; owner 100000:100000
self	/mnt/tank/downloads/complete/nzb/unsorted/VA-Now_That.s_What_I_Call_Music__1-115_2023/Vol 078	dir	70	247154	100000:100000	1	43	this entry only is not 568:568; the 42 entries beneath it are already correct; owner 100000:100000
self	/mnt/tank/downloads/complete/nzb/unsorted/VA-Now_That.s_What_I_Call_Music__1-115_2023/Vol 079	dir	70	247155	100000:100000	1	45	this entry only is not 568:568; the 44 entries beneath it are already correct; owner 100000:100000
self	/mnt/tank/downloads/complete/nzb/unsorted/VA-Now_That.s_What_I_Call_Music__1-115_2023/Vol 080	dir	70	247156	100000:100000	1	44	this entry only is not 568:568; the 43 entries beneath it are already correct; owner 100000:100000
self	/mnt/tank/downloads/complete/nzb/unsorted/VA-Now_That.s_What_I_Call_Music__1-115_2023/Vol 081	dir	70	247157	100000:100000	1	43	this entry only is not 568:568; the 42 entries beneath it are already correct; owner 100000:100000
self	/mnt/tank/downloads/complete/nzb/unsorted/VA-Now_That.s_What_I_Call_Music__1-115_2023/Vol 082	dir	70	247158	100000:100000	1	45	this entry only is not 568:568; the 44 entries beneath it are already correct; owner 100000:100000
self	/mnt/tank/downloads/complete/nzb/unsorted/VA-Now_That.s_What_I_Call_Music__1-115_2023/Vol 083	dir	70	247159	100000:100000	1	43	this entry only is not 568:568; the 42 entries beneath it are already correct; owner 100000:100000
self	/mnt/tank/downloads/complete/nzb/unsorted/VA-Now_That.s_What_I_Call_Music__1-115_2023/Vol 084	dir	70	247160	100000:100000	1	44	this entry only is not 568:568; the 43 entries beneath it are already correct; owner 100000:100000
self	/mnt/tank/downloads/complete/nzb/unsorted/VA-Now_That.s_What_I_Call_Music__1-115_2023/Vol 085	dir	70	247161	100000:100000	1	45	this entry only is not 568:568; the 44 entries beneath it are already correct; owner 100000:100000
self	/mnt/tank/downloads/complete/nzb/unsorted/VA-Now_That.s_What_I_Call_Music__1-115_2023/Vol 086	dir	70	247162	100000:100000	1	45	this entry only is not 568:568; the 44 entries beneath it are already correct; owner 100000:100000
self	/mnt/tank/downloads/complete/nzb/unsorted/VA-Now_That.s_What_I_Call_Music__1-115_2023/Vol 087	dir	70	247163	100000:100000	1	47	this entry only is not 568:568; the 46 entries beneath it are already correct; owner 100000:100000
self	/mnt/tank/downloads/complete/nzb/unsorted/VA-Now_That.s_What_I_Call_Music__1-115_2023/Vol 088	dir	70	247164	100000:100000	1	46	this entry only is not 568:568; the 45 entries beneath it are already correct; owner 100000:100000
self	/mnt/tank/downloads/complete/nzb/unsorted/VA-Now_That.s_What_I_Call_Music__1-115_2023/Vol 089	dir	70	264865	100000:100000	1	46	this entry only is not 568:568; the 45 entries beneath it are already correct; owner 100000:100000
self	/mnt/tank/downloads/complete/nzb/unsorted/VA-Now_That.s_What_I_Call_Music__1-115_2023/Vol 090	dir	70	264866	100000:100000	1	46	this entry only is not 568:568; the 45 entries beneath it are already correct; owner 100000:100000
self	/mnt/tank/downloads/complete/nzb/unsorted/VA-Now_That.s_What_I_Call_Music__1-115_2023/Vol 091	dir	70	264867	100000:100000	1	45	this entry only is not 568:568; the 44 entries beneath it are already correct; owner 100000:100000
self	/mnt/tank/downloads/complete/nzb/unsorted/VA-Now_That.s_What_I_Call_Music__1-115_2023/Vol 092	dir	70	264868	100000:100000	1	47	this entry only is not 568:568; the 46 entries beneath it are already correct; owner 100000:100000
self	/mnt/tank/downloads/complete/nzb/unsorted/VA-Now_That.s_What_I_Call_Music__1-115_2023/Vol 093	dir	70	264869	100000:100000	1	45	this entry only is not 568:568; the 44 entries beneath it are already correct; owner 100000:100000
self	/mnt/tank/downloads/complete/nzb/unsorted/VA-Now_That.s_What_I_Call_Music__1-115_2023/Vol 094	dir	70	264870	100000:100000	1	43	this entry only is not 568:568; the 42 entries beneath it are already correct; owner 100000:100000
self	/mnt/tank/downloads/complete/nzb/unsorted/VA-Now_That.s_What_I_Call_Music__1-115_2023/Vol 095	dir	70	264871	100000:100000	1	46	this entry only is not 568:568; the 45 entries beneath it are already correct; owner 100000:100000
self	/mnt/tank/downloads/complete/nzb/unsorted/VA-Now_That.s_What_I_Call_Music__1-115_2023/Vol 096	dir	70	264872	100000:100000	1	44	this entry only is not 568:568; the 43 entries beneath it are already correct; owner 100000:100000
self	/mnt/tank/downloads/complete/nzb/unsorted/VA-Now_That.s_What_I_Call_Music__1-115_2023/Vol 097	dir	70	260339	100000:100000	1	46	this entry only is not 568:568; the 45 entries beneath it are already correct; owner 100000:100000
self	/mnt/tank/downloads/complete/nzb/unsorted/VA-Now_That.s_What_I_Call_Music__1-115_2023/Vol 098	dir	70	264873	100000:100000	1	46	this entry only is not 568:568; the 45 entries beneath it are already correct; owner 100000:100000
self	/mnt/tank/downloads/complete/nzb/unsorted/VA-Now_That.s_What_I_Call_Music__1-115_2023/Vol 099	dir	70	269471	100000:100000	1	46	this entry only is not 568:568; the 45 entries beneath it are already correct; owner 100000:100000
self	/mnt/tank/downloads/complete/nzb/unsorted/VA-Now_That.s_What_I_Call_Music__1-115_2023/Vol 100	dir	70	264874	100000:100000	1	45	this entry only is not 568:568; the 44 entries beneath it are already correct; owner 100000:100000
self	/mnt/tank/downloads/complete/nzb/unsorted/VA-Now_That.s_What_I_Call_Music__1-115_2023/Vol 101	dir	70	260969	100000:100000	1	47	this entry only is not 568:568; the 46 entries beneath it are already correct; owner 100000:100000
self	/mnt/tank/downloads/complete/nzb/unsorted/VA-Now_That.s_What_I_Call_Music__1-115_2023/Vol 102	dir	70	246006	100000:100000	1	47	this entry only is not 568:568; the 46 entries beneath it are already correct; owner 100000:100000
self	/mnt/tank/downloads/complete/nzb/unsorted/VA-Now_That.s_What_I_Call_Music__1-115_2023/Vol 103	dir	70	246007	100000:100000	1	49	this entry only is not 568:568; the 48 entries beneath it are already correct; owner 100000:100000
self	/mnt/tank/downloads/complete/nzb/unsorted/VA-Now_That.s_What_I_Call_Music__1-115_2023/Vol 104	dir	70	246008	100000:100000	1	48	this entry only is not 568:568; the 47 entries beneath it are already correct; owner 100000:100000
self	/mnt/tank/downloads/complete/nzb/unsorted/VA-Now_That.s_What_I_Call_Music__1-115_2023/Vol 105	dir	70	246009	100000:100000	1	47	this entry only is not 568:568; the 46 entries beneath it are already correct; owner 100000:100000
self	/mnt/tank/downloads/complete/nzb/unsorted/VA-Now_That.s_What_I_Call_Music__1-115_2023/Vol 106	dir	70	246010	100000:100000	1	42	this entry only is not 568:568; the 41 entries beneath it are already correct; owner 100000:100000
self	/mnt/tank/downloads/complete/nzb/unsorted/VA-Now_That.s_What_I_Call_Music__1-115_2023/Vol 107	dir	70	246011	100000:100000	1	44	this entry only is not 568:568; the 43 entries beneath it are already correct; owner 100000:100000
self	/mnt/tank/downloads/complete/nzb/unsorted/VA-Now_That.s_What_I_Call_Music__1-115_2023/Vol 108	dir	70	260970	100000:100000	1	47	this entry only is not 568:568; the 46 entries beneath it are already correct; owner 100000:100000
self	/mnt/tank/downloads/complete/nzb/unsorted/VA-Now_That.s_What_I_Call_Music__1-115_2023/Vol 109	dir	70	264875	100000:100000	1	49	this entry only is not 568:568; the 48 entries beneath it are already correct; owner 100000:100000
self	/mnt/tank/downloads/complete/nzb/unsorted/VA-Now_That.s_What_I_Call_Music__1-115_2023/Vol 110	dir	70	264876	100000:100000	1	50	this entry only is not 568:568; the 49 entries beneath it are already correct; owner 100000:100000
self	/mnt/tank/downloads/complete/nzb/unsorted/VA-Now_That.s_What_I_Call_Music__1-115_2023/Vol 111	dir	70	246773	100000:100000	1	51	this entry only is not 568:568; the 50 entries beneath it are already correct; owner 100000:100000
self	/mnt/tank/downloads/complete/nzb/unsorted/VA-Now_That.s_What_I_Call_Music__1-115_2023/Vol 112	dir	70	264877	100000:100000	1	49	this entry only is not 568:568; the 48 entries beneath it are already correct; owner 100000:100000
self	/mnt/tank/downloads/complete/nzb/unsorted/VA-Now_That.s_What_I_Call_Music__1-115_2023/Vol 113	dir	70	246774	100000:100000	1	49	this entry only is not 568:568; the 48 entries beneath it are already correct; owner 100000:100000
self	/mnt/tank/downloads/complete/nzb/unsorted/VA-Now_That.s_What_I_Call_Music__1-115_2023/Vol 114	dir	70	246012	100000:100000	1	51	this entry only is not 568:568; the 50 entries beneath it are already correct; owner 100000:100000
self	/mnt/tank/downloads/complete/nzb/unsorted/VA-Now_That.s_What_I_Call_Music__1-115_2023/Vol 115	dir	70	246013	100000:100000	1	52	this entry only is not 568:568; the 51 entries beneath it are already correct; owner 100000:100000
recursive	/mnt/tank/downloads/complete/nzb/unsorted/VA_-_Mastermix_-_Essential_Hits_(Pop_Soul)-WEB-2024-MST	dir	70	231475	100911:100911	53	53	entire subtree is not 568:568 - 53 entries (1 dirs / 52 files); owners 100911:100911
recursive	/mnt/tank/downloads/complete/nzb/unsorted/VA_-_Mastermix_-_Essential_Hits_2024_Pt.1-WEB-2024-MST	dir	70	230197	100911:100911	53	53	entire subtree is not 568:568 - 53 entries (1 dirs / 52 files); owners 100911:100911
recursive	/mnt/tank/downloads/complete/nzb/unsorted/VA_-_Mastermix_-_Essential_Hits_2024_Pt.2-WEB-2024-MST	dir	70	231343	100911:100911	53	53	entire subtree is not 568:568 - 53 entries (1 dirs / 52 files); owners 100911:100911
recursive	/mnt/tank/downloads/complete/nzb/unsorted/VA_-_Mastermix_-_Essential_Hits_Hi-NRG-WEB-2024-MST	dir	70	231303	100911:100911	53	53	entire subtree is not 568:568 - 53 entries (1 dirs / 52 files); owners 100911:100911
recursive	/mnt/tank/downloads/complete/nzb/unsorted/VA_-_Mastermix_-_Essential_Hits_Summer-WEB-2024-MST	dir	70	230182	100911:100911	53	53	entire subtree is not 568:568 - 53 entries (1 dirs / 52 files); owners 100911:100911
recursive	/mnt/tank/downloads/complete/nzb/unsorted/VA_._Mastermix_._Essential_Hits_.Indie_Rock.WEB.2025.MST	dir	70	231120	100911:100911	53	53	entire subtree is not 568:568 - 53 entries (1 dirs / 52 files); owners 100911:100911
recursive	/mnt/tank/downloads/complete/nzb/unsorted/VA_._Mastermix_._Essential_Hits_2025_Vol.1.WEB.2025.MST	dir	70	231104	100911:100911	53	53	entire subtree is not 568:568 - 53 entries (1 dirs / 52 files); owners 100911:100911
recursive	/mnt/tank/downloads/complete/nzb/unsorted/Various.Artists-70s.Essential.Hits-2024-Mp3.320kbps-PMEDIA-⭐️-xpost	dir	70	232193	100911:100911	41	41	entire subtree is not 568:568 - 41 entries (1 dirs / 40 files); owners 100911:100911
recursive	/mnt/tank/downloads/mac-music-archive	dir	70	247084	100000:100000	23874	23874	entire subtree is not 568:568 - 23874 entries (5702 dirs / 18172 files); owners 0:0,100000:100000
recursive	/mnt/tank/downloads/media	dir	70	20409	3000:568	1403	1403	entire subtree is not 568:568 - 1403 entries (32 dirs / 1371 files); owners 3000:568
